INSERT INTO my_social_web.friend_relation (id, id_friend, id_user, status_friend, friend_id, user_login_id) VALUES (1, 11, 2, 'Friend', 2, 2);
INSERT INTO my_social_web.friend_relation (id, id_friend, id_user, status_friend, friend_id, user_login_id) VALUES (2, 2, 11, 'Friend', 2, 2);
INSERT INTO my_social_web.friend_relation (id, id_friend, id_user, status_friend, friend_id, user_login_id) VALUES (3, 2, 17, 'Friend', 17, 17);
INSERT INTO my_social_web.friend_relation (id, id_friend, id_user, status_friend, friend_id, user_login_id) VALUES (4, 17, 2, 'Friend', 17, 17);
INSERT INTO my_social_web.friend_relation (id, id_friend, id_user, status_friend, friend_id, user_login_id) VALUES (5, 3, 2, 'Waiting', 2, 2);
INSERT INTO my_social_web.friend_relation (id, id_friend, id_user, status_friend, friend_id, user_login_id) VALUES (6, 2, 3, 'Waiting', 2, 2);
INSERT INTO my_social_web.friend_relation (id, id_friend, id_user, status_friend, friend_id, user_login_id) VALUES (7, 22, 2, 'Waiting', 2, 2);
INSERT INTO my_social_web.friend_relation (id, id_friend, id_user, status_friend, friend_id, user_login_id) VALUES (8, 2, 22, 'Waiting', 2, 2);
INSERT INTO my_social_web.friend_relation (id, id_friend, id_user, status_friend, friend_id, user_login_id) VALUES (9, 29, 2, 'Waiting', 2, 2);
INSERT INTO my_social_web.friend_relation (id, id_friend, id_user, status_friend, friend_id, user_login_id) VALUES (10, 2, 29, 'Waiting', 2, 2);
INSERT INTO my_social_web.friend_relation (id, id_friend, id_user, status_friend, friend_id, user_login_id) VALUES (11, 16, 2, 'No friend', 2, 2);
INSERT INTO my_social_web.friend_relation (id, id_friend, id_user, status_friend, friend_id, user_login_id) VALUES (12, 2, 16, 'No friend', 2, 2);
INSERT INTO my_social_web.friend_relation (id, id_friend, id_user, status_friend, friend_id, user_login_id) VALUES (13, 5, 2, 'No friend', 2, 2);
INSERT INTO my_social_web.friend_relation (id, id_friend, id_user, status_friend, friend_id, user_login_id) VALUES (14, 2, 5, 'No friend', 2, 2);


INSERT INTO my_social_web.group_participant (id, create_at, status, the_group_id, user_id) VALUES (1, '2024-02-10 11:52:59', 'Group management', 1, 2);
INSERT INTO my_social_web.group_participant (id, create_at, status, the_group_id, user_id) VALUES (2, '2024-02-10 13:01:35', 'Approved', 1, 7);

INSERT INTO my_social_web.group_post (id, content, create_at, create_by, delete_at, edit_at, edit_by, image, status, the_group_id, user_id) VALUES (1, 'Chào cả nhà', '2024-02-10 11:53:16', 'ภาษาไทย, Quốc Khánh', null, null, null, null, 'Approved', 1, 2);
INSERT INTO my_social_web.group_post (id, content, create_at, create_by, delete_at, edit_at, edit_by, image, status, the_group_id, user_id) VALUES (2, 'Hi', '2024-02-10 11:54:53', 'ภาษาไทย, Quốc Khánh', null, null, null, null, 'Approved', 1, 2);
INSERT INTO my_social_web.group_post (id, content, create_at, create_by, delete_at, edit_at, edit_by, image, status, the_group_id, user_id) VALUES (3, 'Test', '2024-02-10 12:20:38', 'ภาษาไทย, Quốc Khánh', null, null, null, null, 'Approved', 1, 2);
INSERT INTO my_social_web.group_post (id, content, create_at, create_by, delete_at, edit_at, edit_by, image, status, the_group_id, user_id) VALUES (4, 'Test 2', '2024-02-10 12:22:04', 'ภาษาไทย, Quốc Khánh', null, null, null, '', 'Approved', 1, 2);
INSERT INTO my_social_web.group_post (id, content, create_at, create_by, delete_at, edit_at, edit_by, image, status, the_group_id, user_id) VALUES (5, 'Test 4', '2024-02-10 12:27:21', 'ภาษาไทย, Quốc Khánh', null, null, null, 'https://firebasestorage.googleapis.com/v0/b/test2-d8f2d.appspot.com/o/RoomsImages%2F1707542792240?alt=media&token=8ba7da46-7bd3-4594-accf-461e045a5101', 'Approved', 1, 2);


INSERT INTO my_social_web.image (id, create_at, delete_at, link_image, status, id_user) VALUES (1, '2023-04-02 15:17:45', null, 'https://firebasestorage.googleapis.com/v0/b/test2-d8f2d.appspot.com/o/RoomsImages%2F1680423459336?alt=media&token=d06f7569-3621-4c83-b513-70a6e7fe4eec', 'Public', 2);
INSERT INTO my_social_web.image (id, create_at, delete_at, link_image, status, id_user) VALUES (2, '2023-04-02 15:17:45', null, 'https://firebasestorage.googleapis.com/v0/b/test2-d8f2d.appspot.com/o/RoomsImages%2F1680423461655?alt=media&token=ccae72ac-d8e3-4f45-843d-ec2790ce905a', 'Public', 2);
INSERT INTO my_social_web.image (id, create_at, delete_at, link_image, status, id_user) VALUES (3, '2023-04-02 15:18:32', null, 'https://firebasestorage.googleapis.com/v0/b/test2-d8f2d.appspot.com/o/RoomsImages%2F1680423503519?alt=media&token=e7ec2034-eeef-45eb-866b-59a3822ebb07', 'Public', 3);
INSERT INTO my_social_web.image (id, create_at, delete_at, link_image, status, id_user) VALUES (4, '2023-04-02 15:18:32', null, 'https://firebasestorage.googleapis.com/v0/b/test2-d8f2d.appspot.com/o/RoomsImages%2F1680423507903?alt=media&token=fe81097a-3220-4ceb-a9c7-4ef33e71dc12', 'Public', 3);
INSERT INTO my_social_web.image (id, create_at, delete_at, link_image, status, id_user) VALUES (5, '2023-04-02 15:19:52', null, 'https://firebasestorage.googleapis.com/v0/b/test2-d8f2d.appspot.com/o/RoomsImages%2F1680423585837?alt=media&token=808c0daa-1464-4f10-82de-91eee34f0418', 'Public', 3);
INSERT INTO my_social_web.image (id, create_at, delete_at, link_image, status, id_user) VALUES (6, '2023-04-02 15:20:24', null, 'https://firebasestorage.googleapis.com/v0/b/test2-d8f2d.appspot.com/o/RoomsImages%2F1680423619107?alt=media&token=d7f21812-875d-4eed-b729-559f1bea8837', 'Public', 3);
INSERT INTO my_social_web.image (id, create_at, delete_at, link_image, status, id_user) VALUES (7, '2023-04-02 15:21:24', null, 'https://firebasestorage.googleapis.com/v0/b/test2-d8f2d.appspot.com/o/RoomsImages%2F1680423680377?alt=media&token=798c689c-211e-4bed-8b2e-9be68d429073', 'Public', 3);
INSERT INTO my_social_web.image (id, create_at, delete_at, link_image, status, id_user) VALUES (8, '2023-04-02 15:23:18', null, 'https://firebasestorage.googleapis.com/v0/b/test2-d8f2d.appspot.com/o/RoomsImages%2F1680423794408?alt=media&token=469f1ed5-4cce-4106-ad30-38eede7350b2', 'Public', 3);
INSERT INTO my_social_web.image (id, create_at, delete_at, link_image, status, id_user) VALUES (9, '2023-04-02 15:23:30', null, 'https://firebasestorage.googleapis.com/v0/b/test2-d8f2d.appspot.com/o/RoomsImages%2F1680423807200?alt=media&token=b26e3dbe-95f1-46cb-b004-59c5de08aaf3', 'Public', 3);
INSERT INTO my_social_web.image (id, create_at, delete_at, link_image, status, id_user) VALUES (10, '2023-04-02 15:27:59', null, 'https://firebasestorage.googleapis.com/v0/b/test2-d8f2d.appspot.com/o/RoomsImages%2F1680424046362?alt=media&token=c39e42a0-052f-4f5e-af47-b1673ec5cfef', 'Public', 4);
INSERT INTO my_social_web.image (id, create_at, delete_at, link_image, status, id_user) VALUES (11, '2023-04-02 15:27:59', null, 'https://firebasestorage.googleapis.com/v0/b/test2-d8f2d.appspot.com/o/RoomsImages%2F1680424055331?alt=media&token=eda5f095-cb00-408f-ad4f-9af766729aae', 'Public', 4);
INSERT INTO my_social_web.image (id, create_at, delete_at, link_image, status, id_user) VALUES (12, '2023-04-02 15:28:30', null, 'https://firebasestorage.googleapis.com/v0/b/test2-d8f2d.appspot.com/o/RoomsImages%2F1680424106585?alt=media&token=1c24230e-3897-48f7-a8f0-01e8f3fb27d9', 'Public', 4);
INSERT INTO my_social_web.image (id, create_at, delete_at, link_image, status, id_user) VALUES (13, '2023-04-02 15:28:51', null, 'https://firebasestorage.googleapis.com/v0/b/test2-d8f2d.appspot.com/o/RoomsImages%2F1680424127696?alt=media&token=a87c9a1d-211f-4c9a-b633-438b9cc15c49', 'Public', 4);
INSERT INTO my_social_web.image (id, create_at, delete_at, link_image, status, id_user) VALUES (14, '2023-04-02 15:33:30', null, 'https://firebasestorage.googleapis.com/v0/b/test2-d8f2d.appspot.com/o/RoomsImages%2F1680424362965?alt=media&token=60351a94-7964-49a9-97bc-4e6af13fb750', 'Public', 5);
INSERT INTO my_social_web.image (id, create_at, delete_at, link_image, status, id_user) VALUES (15, '2023-04-02 15:33:30', null, 'https://firebasestorage.googleapis.com/v0/b/test2-d8f2d.appspot.com/o/RoomsImages%2F1680424366137?alt=media&token=94cefb4e-e622-45f0-bb9a-b75b4eae5ed9', 'Public', 5);
INSERT INTO my_social_web.image (id, create_at, delete_at, link_image, status, id_user) VALUES (16, '2023-04-02 15:34:06', null, 'https://firebasestorage.googleapis.com/v0/b/test2-d8f2d.appspot.com/o/RoomsImages%2F1680424442794?alt=media&token=a71d2386-6df8-4b8b-ab96-cc5303bfa27a', 'Public', 5);
INSERT INTO my_social_web.image (id, create_at, delete_at, link_image, status, id_user) VALUES (17, '2023-04-02 15:34:24', null, 'https://firebasestorage.googleapis.com/v0/b/test2-d8f2d.appspot.com/o/RoomsImages%2F1680424461339?alt=media&token=19f050ea-1f66-4348-947f-34f135c6cbfa', 'Public', 5);
INSERT INTO my_social_web.image (id, create_at, delete_at, link_image, status, id_user) VALUES (18, '2023-04-02 15:34:38', null, 'https://firebasestorage.googleapis.com/v0/b/test2-d8f2d.appspot.com/o/RoomsImages%2F1680424475593?alt=media&token=c816d9e4-56b7-4091-9a19-fcecf271f7ff', 'Public', 5);
INSERT INTO my_social_web.image (id, create_at, delete_at, link_image, status, id_user) VALUES (19, '2023-04-02 15:39:06', null, 'https://firebasestorage.googleapis.com/v0/b/test2-d8f2d.appspot.com/o/RoomsImages%2F1680424696794?alt=media&token=98ebc826-512a-41bf-904b-54f4cccdf5c7', 'Public', 6);
INSERT INTO my_social_web.image (id, create_at, delete_at, link_image, status, id_user) VALUES (20, '2023-04-02 15:39:06', null, 'https://firebasestorage.googleapis.com/v0/b/test2-d8f2d.appspot.com/o/RoomsImages%2F1680424699628?alt=media&token=d16411c5-abbd-4994-a0a2-e6df79dc0786', 'Public', 6);
INSERT INTO my_social_web.image (id, create_at, delete_at, link_image, status, id_user) VALUES (21, '2023-04-02 15:39:43', null, 'https://firebasestorage.googleapis.com/v0/b/test2-d8f2d.appspot.com/o/RoomsImages%2F1680424780168?alt=media&token=f82e87ca-0c4f-49c5-a058-23d31cc76539', 'Public', 6);
INSERT INTO my_social_web.image (id, create_at, delete_at, link_image, status, id_user) VALUES (22, '2023-04-02 15:40:09', null, 'https://firebasestorage.googleapis.com/v0/b/test2-d8f2d.appspot.com/o/RoomsImages%2F1680424806573?alt=media&token=bc17c727-f497-4031-b050-e57af692281f', 'Public', 6);
INSERT INTO my_social_web.image (id, create_at, delete_at, link_image, status, id_user) VALUES (23, '2023-04-02 15:45:13', null, 'https://firebasestorage.googleapis.com/v0/b/test2-d8f2d.appspot.com/o/RoomsImages%2F1680425084590?alt=media&token=c3046363-13b3-4234-841d-5cd535c10c21', 'Public', 7);
INSERT INTO my_social_web.image (id, create_at, delete_at, link_image, status, id_user) VALUES (24, '2023-04-02 15:45:13', null, 'https://firebasestorage.googleapis.com/v0/b/test2-d8f2d.appspot.com/o/RoomsImages%2F1680425086857?alt=media&token=3ded1a3f-6ff8-44ac-9f2d-46a2a8cdacac', 'Public', 7);
INSERT INTO my_social_web.image (id, create_at, delete_at, link_image, status, id_user) VALUES (25, '2023-04-02 15:45:40', null, 'https://firebasestorage.googleapis.com/v0/b/test2-d8f2d.appspot.com/o/RoomsImages%2F1680425122031?alt=media&token=b94ebced-8bab-4612-872b-d920f3fd306d', 'Public', 7);
INSERT INTO my_social_web.image (id, create_at, delete_at, link_image, status, id_user) VALUES (26, '2023-04-02 15:49:35', null, 'https://firebasestorage.googleapis.com/v0/b/test2-d8f2d.appspot.com/o/RoomsImages%2F1680425352280?alt=media&token=39a2a1d4-f553-475e-ab03-74b820b9d116', 'Public', 8);
INSERT INTO my_social_web.image (id, create_at, delete_at, link_image, status, id_user) VALUES (27, '2023-04-02 15:49:35', null, 'https://firebasestorage.googleapis.com/v0/b/test2-d8f2d.appspot.com/o/RoomsImages%2F1680425354990?alt=media&token=5c61a529-ceb5-4ebc-8fb3-d912c6c7cf95', 'Public', 8);
INSERT INTO my_social_web.image (id, create_at, delete_at, link_image, status, id_user) VALUES (28, '2023-04-02 15:55:59', null, 'https://firebasestorage.googleapis.com/v0/b/test2-d8f2d.appspot.com/o/RoomsImages%2F1680425735275?alt=media&token=36095257-fe87-4b5a-88a8-bb4b5b0b3b31', 'Public', 9);
INSERT INTO my_social_web.image (id, create_at, delete_at, link_image, status, id_user) VALUES (29, '2023-04-02 15:55:59', null, 'https://firebasestorage.googleapis.com/v0/b/test2-d8f2d.appspot.com/o/RoomsImages%2F1680425740486?alt=media&token=28da5c8f-8922-4abd-b6f5-d969c948cc79', 'Public', 9);
INSERT INTO my_social_web.image (id, create_at, delete_at, link_image, status, id_user) VALUES (30, '2023-04-02 15:56:42', null, 'https://firebasestorage.googleapis.com/v0/b/test2-d8f2d.appspot.com/o/RoomsImages%2F1680425793097?alt=media&token=de7fe49f-a9ba-477e-ae3c-570bdd5e31a7', 'Public', 9);
INSERT INTO my_social_web.image (id, create_at, delete_at, link_image, status, id_user) VALUES (31, '2023-04-02 15:56:51', null, 'https://firebasestorage.googleapis.com/v0/b/test2-d8f2d.appspot.com/o/RoomsImages%2F1680425806334?alt=media&token=d3b5a8ab-1585-4dfd-82f5-5a5149b98cd5', 'Public', 9);
INSERT INTO my_social_web.image (id, create_at, delete_at, link_image, status, id_user) VALUES (32, '2023-04-02 16:01:46', null, 'https://firebasestorage.googleapis.com/v0/b/test2-d8f2d.appspot.com/o/RoomsImages%2F1680426065948?alt=media&token=f3e97a1a-c03b-49a9-9b62-082fda038762', 'Public', 10);
INSERT INTO my_social_web.image (id, create_at, delete_at, link_image, status, id_user) VALUES (33, '2023-04-02 16:01:46', null, 'https://firebasestorage.googleapis.com/v0/b/test2-d8f2d.appspot.com/o/RoomsImages%2F1680426071000?alt=media&token=0aef4625-7fe3-416e-a55b-4f5792fe63fb', 'Public', 10);
INSERT INTO my_social_web.image (id, create_at, delete_at, link_image, status, id_user) VALUES (34, '2023-04-02 16:02:23', null, 'https://firebasestorage.googleapis.com/v0/b/test2-d8f2d.appspot.com/o/RoomsImages%2F1680426133356?alt=media&token=ed0b3ff0-8d9b-4775-8cff-388e1776b9d4', 'Public', 10);
INSERT INTO my_social_web.image (id, create_at, delete_at, link_image, status, id_user) VALUES (35, '2023-04-02 16:02:44', null, 'https://firebasestorage.googleapis.com/v0/b/test2-d8f2d.appspot.com/o/RoomsImages%2F1680426153910?alt=media&token=09c73dc4-6473-4dfd-b095-586b8549414e', 'Public', 10);
INSERT INTO my_social_web.image (id, create_at, delete_at, link_image, status, id_user) VALUES (36, '2023-04-02 16:02:57', null, 'https://firebasestorage.googleapis.com/v0/b/test2-d8f2d.appspot.com/o/RoomsImages%2F1680426168319?alt=media&token=0bb48c1f-3608-4c9f-a232-241349f9e7f8', 'Public', 10);
INSERT INTO my_social_web.image (id, create_at, delete_at, link_image, status, id_user) VALUES (37, '2023-04-02 18:20:15', null, 'https://firebasestorage.googleapis.com/v0/b/test2-d8f2d.appspot.com/o/RoomsImages%2F1680434396092?alt=media&token=b2253681-d4a9-497d-aab8-3bbcda884a46', 'Public', 11);
INSERT INTO my_social_web.image (id, create_at, delete_at, link_image, status, id_user) VALUES (38, '2023-04-02 18:20:15', null, 'https://firebasestorage.googleapis.com/v0/b/test2-d8f2d.appspot.com/o/RoomsImages%2F1680434401820?alt=media&token=dd6091ea-1315-4065-827c-4f263a0ccd6b', 'Public', 11);
INSERT INTO my_social_web.image (id, create_at, delete_at, link_image, status, id_user) VALUES (39, '2023-04-02 18:20:49', null, 'https://firebasestorage.googleapis.com/v0/b/test2-d8f2d.appspot.com/o/RoomsImages%2F1680434433509?alt=media&token=63e149fc-7f99-4614-b783-d1585b201eab', 'Public', 11);
INSERT INTO my_social_web.image (id, create_at, delete_at, link_image, status, id_user) VALUES (40, '2023-04-02 18:21:15', null, 'https://firebasestorage.googleapis.com/v0/b/test2-d8f2d.appspot.com/o/RoomsImages%2F1680434462242?alt=media&token=acde7bcd-bee8-4233-b918-add6166e79e4', 'Public', 11);
INSERT INTO my_social_web.image (id, create_at, delete_at, link_image, status, id_user) VALUES (41, '2023-04-02 18:21:52', null, 'https://firebasestorage.googleapis.com/v0/b/test2-d8f2d.appspot.com/o/RoomsImages%2F1680434483928?alt=media&token=11309e51-bf9a-4f19-b8a0-9a9c92f4378c', 'Public', 11);
INSERT INTO my_social_web.image (id, create_at, delete_at, link_image, status, id_user) VALUES (42, '2023-04-02 18:22:38', null, 'https://firebasestorage.googleapis.com/v0/b/test2-d8f2d.appspot.com/o/RoomsImages%2F1680434548659?alt=media&token=43bde8d8-434a-4246-bf0b-0e7ac22aac0a', 'Public', 11);
INSERT INTO my_social_web.image (id, create_at, delete_at, link_image, status, id_user) VALUES (43, '2023-04-02 18:26:00', null, 'https://firebasestorage.googleapis.com/v0/b/test2-d8f2d.appspot.com/o/RoomsImages%2F1680434739223?alt=media&token=dbf8fd9d-002e-4d7a-83dc-8d7193f66dd0', 'Public', 12);
INSERT INTO my_social_web.image (id, create_at, delete_at, link_image, status, id_user) VALUES (44, '2023-04-02 18:26:00', null, 'https://firebasestorage.googleapis.com/v0/b/test2-d8f2d.appspot.com/o/RoomsImages%2F1680434742283?alt=media&token=e05b358b-be76-401b-ab0f-4d83a5bb9706', 'Public', 12);
INSERT INTO my_social_web.image (id, create_at, delete_at, link_image, status, id_user) VALUES (45, '2023-04-02 18:37:23', null, 'https://firebasestorage.googleapis.com/v0/b/test2-d8f2d.appspot.com/o/RoomsImages%2F1680435409319?alt=media&token=70b9b1c7-7746-4268-9904-393e949ae32d', 'Public', 13);
INSERT INTO my_social_web.image (id, create_at, delete_at, link_image, status, id_user) VALUES (46, '2023-04-02 18:37:23', null, 'https://firebasestorage.googleapis.com/v0/b/test2-d8f2d.appspot.com/o/RoomsImages%2F1680435413891?alt=media&token=5b9e6149-8671-4500-9a30-ebbb3cbf2172', 'Public', 13);
INSERT INTO my_social_web.image (id, create_at, delete_at, link_image, status, id_user) VALUES (47, '2023-04-02 18:37:45', null, 'https://firebasestorage.googleapis.com/v0/b/test2-d8f2d.appspot.com/o/RoomsImages%2F1680435457866?alt=media&token=67e0d80e-2fcc-46d4-8f8e-f0b436e809a3', 'Public', 13);
INSERT INTO my_social_web.image (id, create_at, delete_at, link_image, status, id_user) VALUES (48, '2023-04-02 18:37:59', null, 'https://firebasestorage.googleapis.com/v0/b/test2-d8f2d.appspot.com/o/RoomsImages%2F1680435470304?alt=media&token=d44a2fe7-7aed-4e48-9d87-2ae4925cd63f', 'Public', 13);
INSERT INTO my_social_web.image (id, create_at, delete_at, link_image, status, id_user) VALUES (51, '2023-04-02 18:52:09', null, 'https://firebasestorage.googleapis.com/v0/b/test2-d8f2d.appspot.com/o/RoomsImages%2F1680436293192?alt=media&token=7a56bb5a-5178-4a70-8155-471d9b18e36a', 'Public', 14);
INSERT INTO my_social_web.image (id, create_at, delete_at, link_image, status, id_user) VALUES (52, '2023-04-02 18:53:50', null, 'https://firebasestorage.googleapis.com/v0/b/test2-d8f2d.appspot.com/o/RoomsImages%2F1680436290779?alt=media&token=6028d611-8888-446b-ab50-b64409c69f10', 'Public', 14);
INSERT INTO my_social_web.image (id, create_at, delete_at, link_image, status, id_user) VALUES (53, '2023-04-02 18:56:04', null, 'https://firebasestorage.googleapis.com/v0/b/test2-d8f2d.appspot.com/o/RoomsImages%2F1680436560665?alt=media&token=3e894fc7-0812-445a-8798-71f6281c73f2', 'Public', 14);
INSERT INTO my_social_web.image (id, create_at, delete_at, link_image, status, id_user) VALUES (54, '2023-04-02 18:59:35', null, 'https://firebasestorage.googleapis.com/v0/b/test2-d8f2d.appspot.com/o/RoomsImages%2F1680436742140?alt=media&token=a0397966-4bba-4211-85b0-f5c1a6aa4835', 'Public', 15);
INSERT INTO my_social_web.image (id, create_at, delete_at, link_image, status, id_user) VALUES (55, '2023-04-02 18:59:35', null, 'https://firebasestorage.googleapis.com/v0/b/test2-d8f2d.appspot.com/o/RoomsImages%2F1680436744786?alt=media&token=2e17a502-39e4-449e-99ab-cc9863ddbe4f', 'Public', 15);
INSERT INTO my_social_web.image (id, create_at, delete_at, link_image, status, id_user) VALUES (56, '2023-04-02 19:00:51', null, 'https://firebasestorage.googleapis.com/v0/b/test2-d8f2d.appspot.com/o/RoomsImages%2F1680436847977?alt=media&token=35e6d5ee-f07b-4d81-9f65-745c0d16e6c6', 'Public', 15);
INSERT INTO my_social_web.image (id, create_at, delete_at, link_image, status, id_user) VALUES (57, '2023-04-02 19:01:17', null, 'https://firebasestorage.googleapis.com/v0/b/test2-d8f2d.appspot.com/o/RoomsImages%2F1680436871573?alt=media&token=6970c27f-d04b-4c2a-8c2e-e8f33ab4ccc5', 'Public', 15);
INSERT INTO my_social_web.image (id, create_at, delete_at, link_image, status, id_user) VALUES (58, '2023-04-04 20:35:34', null, 'https://firebasestorage.googleapis.com/v0/b/test2-d8f2d.appspot.com/o/RoomsImages%2F1680615306997?alt=media&token=75aa578b-551b-4621-82c2-dc6734dedb17', 'Public', 16);
INSERT INTO my_social_web.image (id, create_at, delete_at, link_image, status, id_user) VALUES (59, '2023-04-04 20:35:34', null, 'https://firebasestorage.googleapis.com/v0/b/test2-d8f2d.appspot.com/o/RoomsImages%2F1680615309909?alt=media&token=826ad98f-417e-47bc-8fef-a94f447369b5', 'Public', 16);
INSERT INTO my_social_web.image (id, create_at, delete_at, link_image, status, id_user) VALUES (60, '2023-04-04 20:35:54', null, 'https://firebasestorage.googleapis.com/v0/b/test2-d8f2d.appspot.com/o/RoomsImages%2F1680615346671?alt=media&token=a3a4d271-51ed-458a-aa87-281d49a99001', 'Public', 16);
INSERT INTO my_social_web.image (id, create_at, delete_at, link_image, status, id_user) VALUES (61, '2023-04-04 20:38:32', null, 'https://firebasestorage.googleapis.com/v0/b/test2-d8f2d.appspot.com/o/RoomsImages%2F1680615477639?alt=media&token=208ad960-da0a-4884-9049-7513864b8ae4', 'Public', 17);
INSERT INTO my_social_web.image (id, create_at, delete_at, link_image, status, id_user) VALUES (62, '2023-04-04 20:38:32', null, 'https://firebasestorage.googleapis.com/v0/b/test2-d8f2d.appspot.com/o/RoomsImages%2F1680615480019?alt=media&token=784cfe1d-f7e8-4478-922c-7944badfe3ee', 'Public', 17);
INSERT INTO my_social_web.image (id, create_at, delete_at, link_image, status, id_user) VALUES (63, '2023-04-04 20:38:53', null, 'https://firebasestorage.googleapis.com/v0/b/test2-d8f2d.appspot.com/o/RoomsImages%2F1680615522710?alt=media&token=392cfdb0-8481-4983-9a8a-7ab7a7c31a78', 'Public', 17);
INSERT INTO my_social_web.image (id, create_at, delete_at, link_image, status, id_user) VALUES (64, '2023-04-04 20:50:17', null, 'https://firebasestorage.googleapis.com/v0/b/test2-d8f2d.appspot.com/o/RoomsImages%2F1680616180185?alt=media&token=362874f4-f974-4ccf-a296-267d402d2644', 'Public', 18);
INSERT INTO my_social_web.image (id, create_at, delete_at, link_image, status, id_user) VALUES (65, '2023-04-04 20:50:17', null, 'https://firebasestorage.googleapis.com/v0/b/test2-d8f2d.appspot.com/o/RoomsImages%2F1680616192311?alt=media&token=9dec27c6-603b-4cb6-ab34-46dedcb3c498', 'Public', 18);
INSERT INTO my_social_web.image (id, create_at, delete_at, link_image, status, id_user) VALUES (66, '2023-04-04 20:50:54', null, 'https://firebasestorage.googleapis.com/v0/b/test2-d8f2d.appspot.com/o/RoomsImages%2F1680616249391?alt=media&token=494b046b-08e3-426c-beec-1e67a356f9b6', 'Public', 18);
INSERT INTO my_social_web.image (id, create_at, delete_at, link_image, status, id_user) VALUES (67, '2023-04-04 20:51:22', null, 'https://firebasestorage.googleapis.com/v0/b/test2-d8f2d.appspot.com/o/RoomsImages%2F1680616271811?alt=media&token=729be834-b1f8-47d2-9a62-f3f8ecb35ace', 'Public', 18);
INSERT INTO my_social_web.image (id, create_at, delete_at, link_image, status, id_user) VALUES (68, '2023-04-04 20:52:18', null, 'https://firebasestorage.googleapis.com/v0/b/test2-d8f2d.appspot.com/o/RoomsImages%2F1680616332934?alt=media&token=028f062e-6de2-4558-b9bd-b4fa0e01a8b3', 'Public', 18);
INSERT INTO my_social_web.image (id, create_at, delete_at, link_image, status, id_user) VALUES (69, '2023-04-04 20:52:40', null, 'https://firebasestorage.googleapis.com/v0/b/test2-d8f2d.appspot.com/o/RoomsImages%2F1680616355171?alt=media&token=f12ddc62-b93d-474c-b535-4c0576664aad', 'Public', 18);
INSERT INTO my_social_web.image (id, create_at, delete_at, link_image, status, id_user) VALUES (70, '2023-04-04 20:57:46', null, 'https://firebasestorage.googleapis.com/v0/b/test2-d8f2d.appspot.com/o/RoomsImages%2F1680616643966?alt=media&token=07bae688-39da-43b4-ab1b-d486fd069c1a', 'Public', 19);
INSERT INTO my_social_web.image (id, create_at, delete_at, link_image, status, id_user) VALUES (71, '2023-04-04 20:57:46', null, 'https://firebasestorage.googleapis.com/v0/b/test2-d8f2d.appspot.com/o/RoomsImages%2F1680616646876?alt=media&token=cee965e6-3ff6-49d3-a1c3-f400a7dbf1c2', 'Public', 19);
INSERT INTO my_social_web.image (id, create_at, delete_at, link_image, status, id_user) VALUES (72, '2023-04-04 20:58:18', null, 'https://firebasestorage.googleapis.com/v0/b/test2-d8f2d.appspot.com/o/RoomsImages%2F1680616681456?alt=media&token=313830b4-2820-4c34-a26c-67fca6f96b69', 'Public', 19);
INSERT INTO my_social_web.image (id, create_at, delete_at, link_image, status, id_user) VALUES (73, '2023-04-04 21:58:56', null, 'https://firebasestorage.googleapis.com/v0/b/test2-d8f2d.appspot.com/o/RoomsImages%2F1680620328715?alt=media&token=a3e38f6c-9031-4bd3-8504-68f3e3ebf5d1', 'Public', 20);
INSERT INTO my_social_web.image (id, create_at, delete_at, link_image, status, id_user) VALUES (74, '2023-04-04 21:58:56', null, 'https://firebasestorage.googleapis.com/v0/b/test2-d8f2d.appspot.com/o/RoomsImages%2F1680620331308?alt=media&token=5815b39e-8f18-4e49-aec4-5ffebb8297f7', 'Public', 20);
INSERT INTO my_social_web.image (id, create_at, delete_at, link_image, status, id_user) VALUES (75, '2023-04-04 22:02:09', null, 'https://firebasestorage.googleapis.com/v0/b/test2-d8f2d.appspot.com/o/RoomsImages%2F1680620504340?alt=media&token=69184389-00f1-4a70-b8a0-e85ef65ec747', 'Public', 21);
INSERT INTO my_social_web.image (id, create_at, delete_at, link_image, status, id_user) VALUES (76, '2023-04-04 22:02:09', null, 'https://firebasestorage.googleapis.com/v0/b/test2-d8f2d.appspot.com/o/RoomsImages%2F1680620506507?alt=media&token=14259bbf-d622-4d43-b8b3-579aed6c539d', 'Public', 21);
INSERT INTO my_social_web.image (id, create_at, delete_at, link_image, status, id_user) VALUES (77, '2023-04-06 20:01:33', null, 'https://firebasestorage.googleapis.com/v0/b/test2-d8f2d.appspot.com/o/RoomsImages%2F1680786071383?alt=media&token=764925d7-08ce-4bb5-995f-4b8d2d9be21a', 'Public', 27);
INSERT INTO my_social_web.image (id, create_at, delete_at, link_image, status, id_user) VALUES (78, '2023-04-06 20:01:33', null, 'https://firebasestorage.googleapis.com/v0/b/test2-d8f2d.appspot.com/o/RoomsImages%2F1680786073614?alt=media&token=d76c971c-7ad3-4c1c-9ef8-950e9b7f5cb2', 'Public', 27);
INSERT INTO my_social_web.image (id, create_at, delete_at, link_image, status, id_user) VALUES (79, '2023-04-06 20:01:58', null, 'https://firebasestorage.googleapis.com/v0/b/test2-d8f2d.appspot.com/o/RoomsImages%2F1680786101970?alt=media&token=dd603d8e-c6db-4ee8-a916-9c1afbd1ee4f', 'Public', 27);
INSERT INTO my_social_web.image (id, create_at, delete_at, link_image, status, id_user) VALUES (80, '2023-04-06 20:06:17', null, 'https://firebasestorage.googleapis.com/v0/b/test2-d8f2d.appspot.com/o/RoomsImages%2F1680786357403?alt=media&token=1a668070-513a-472a-8b00-fe64908ed833', 'Public', 23);
INSERT INTO my_social_web.image (id, create_at, delete_at, link_image, status, id_user) VALUES (81, '2023-04-06 20:06:17', null, 'https://firebasestorage.googleapis.com/v0/b/test2-d8f2d.appspot.com/o/RoomsImages%2F1680786360015?alt=media&token=1cc350d1-b598-4295-8e70-2334ebaaa69c', 'Public', 23);
INSERT INTO my_social_web.image (id, create_at, delete_at, link_image, status, id_user) VALUES (82, '2023-04-06 20:06:39', null, 'https://firebasestorage.googleapis.com/v0/b/test2-d8f2d.appspot.com/o/RoomsImages%2F1680786388049?alt=media&token=5c25183d-6aac-4a20-8d8f-2c0c85b2a373', 'Public', 23);
INSERT INTO my_social_web.image (id, create_at, delete_at, link_image, status, id_user) VALUES (83, '2023-04-06 20:07:17', null, 'https://firebasestorage.googleapis.com/v0/b/test2-d8f2d.appspot.com/o/RoomsImages%2F1680786433337?alt=media&token=7d6653eb-6377-4f73-9bc9-fbc2813f2d34', 'Public', 23);
INSERT INTO my_social_web.image (id, create_at, delete_at, link_image, status, id_user) VALUES (84, '2023-04-08 09:08:30', null, 'https://firebasestorage.googleapis.com/v0/b/test2-d8f2d.appspot.com/o/RoomsImages%2F1680919659551?alt=media&token=ca0909c7-3200-4a37-a2cd-bba685f73822', 'Public', 24);
INSERT INTO my_social_web.image (id, create_at, delete_at, link_image, status, id_user) VALUES (85, '2023-04-08 09:08:30', null, 'https://firebasestorage.googleapis.com/v0/b/test2-d8f2d.appspot.com/o/RoomsImages%2F1680919662362?alt=media&token=55405d23-0be9-4a2d-93a3-2561c3869247', 'Public', 24);
INSERT INTO my_social_web.image (id, create_at, delete_at, link_image, status, id_user) VALUES (86, '2023-04-08 09:08:59', null, 'https://firebasestorage.googleapis.com/v0/b/test2-d8f2d.appspot.com/o/RoomsImages%2F1680919733707?alt=media&token=0a73d25a-a204-4e22-b2ca-438e42f08884', 'Public', 24);
INSERT INTO my_social_web.image (id, create_at, delete_at, link_image, status, id_user) VALUES (87, '2023-04-08 09:28:39', null, 'https://firebasestorage.googleapis.com/v0/b/test2-d8f2d.appspot.com/o/RoomsImages%2F1680920903224?alt=media&token=417f10fa-1d7a-44d6-b93f-596e6eca0279', 'Public', 25);
INSERT INTO my_social_web.image (id, create_at, delete_at, link_image, status, id_user) VALUES (88, '2023-04-08 09:28:39', null, 'https://firebasestorage.googleapis.com/v0/b/test2-d8f2d.appspot.com/o/RoomsImages%2F1680920905288?alt=media&token=fe66046e-2ecf-4223-86ae-35d0252e06a4', 'Public', 25);
INSERT INTO my_social_web.image (id, create_at, delete_at, link_image, status, id_user) VALUES (95, '2023-04-21 19:36:59', null, 'https://firebasestorage.googleapis.com/v0/b/test2-d8f2d.appspot.com/o/RoomsImages%2F1682080601469?alt=media&token=366b139b-88b0-4d3c-817c-a031dc3dda5a', 'Public', 28);
INSERT INTO my_social_web.image (id, create_at, delete_at, link_image, status, id_user) VALUES (96, '2023-04-21 19:36:59', null, 'https://firebasestorage.googleapis.com/v0/b/test2-d8f2d.appspot.com/o/RoomsImages%2F1682080604216?alt=media&token=c58d50db-8278-4e31-a5bf-1cd206a35807', 'Public', 28);
INSERT INTO my_social_web.image (id, create_at, delete_at, link_image, status, id_user) VALUES (93, '2023-04-21 19:31:34', null, 'https://firebasestorage.googleapis.com/v0/b/test2-d8f2d.appspot.com/o/RoomsImages%2F1682080287862?alt=media&token=e0f72477-e32c-403b-aa17-2a29ac9c8464', 'Public', 27);
INSERT INTO my_social_web.image (id, create_at, delete_at, link_image, status, id_user) VALUES (94, '2023-04-21 19:31:34', null, 'https://firebasestorage.googleapis.com/v0/b/test2-d8f2d.appspot.com/o/RoomsImages%2F1682080290167?alt=media&token=007b66e5-c8e4-4e38-80a5-18eead5bb0e7', 'Public', 27);
INSERT INTO my_social_web.image (id, create_at, delete_at, link_image, status, id_user) VALUES (97, '2023-04-21 19:37:13', null, 'https://firebasestorage.googleapis.com/v0/b/test2-d8f2d.appspot.com/o/RoomsImages%2F1682080625229?alt=media&token=7f463ec7-1fbe-442d-8213-88ae58f2a0d3', 'Public', 28);
INSERT INTO my_social_web.image (id, create_at, delete_at, link_image, status, id_user) VALUES (98, '2023-04-21 19:40:42', null, 'https://firebasestorage.googleapis.com/v0/b/test2-d8f2d.appspot.com/o/RoomsImages%2F1682080830904?alt=media&token=2f3955bd-317b-45f9-b0c3-801519804e3f', 'Public', 29);
INSERT INTO my_social_web.image (id, create_at, delete_at, link_image, status, id_user) VALUES (99, '2023-04-21 19:40:42', null, 'https://firebasestorage.googleapis.com/v0/b/test2-d8f2d.appspot.com/o/RoomsImages%2F1682080833193?alt=media&token=ffceef92-fbd3-4092-85bc-a79b358753dd', 'Public', 29);
INSERT INTO my_social_web.image (id, create_at, delete_at, link_image, status, id_user) VALUES (100, '2023-04-21 19:44:24', null, 'https://firebasestorage.googleapis.com/v0/b/test2-d8f2d.appspot.com/o/RoomsImages%2F1682081045682?alt=media&token=8f41dff2-6a8c-440a-a3b7-c52c7b84533a', 'Public', 30);
INSERT INTO my_social_web.image (id, create_at, delete_at, link_image, status, id_user) VALUES (101, '2023-04-21 19:44:24', null, 'https://firebasestorage.googleapis.com/v0/b/test2-d8f2d.appspot.com/o/RoomsImages%2F1682081048682?alt=media&token=54e20594-5f3a-46bf-b951-d3de5926f24c', 'Public', 30);
INSERT INTO my_social_web.image (id, create_at, delete_at, link_image, status, id_user) VALUES (102, '2023-04-21 19:44:40', null, 'https://firebasestorage.googleapis.com/v0/b/test2-d8f2d.appspot.com/o/RoomsImages%2F1682081072596?alt=media&token=67df716d-27c1-4b1d-a95a-f0c3a0750a10', 'Public', 30);
INSERT INTO my_social_web.image (id, create_at, delete_at, link_image, status, id_user) VALUES (103, '2023-04-21 19:48:59', null, 'https://firebasestorage.googleapis.com/v0/b/test2-d8f2d.appspot.com/o/RoomsImages%2F1682081332842?alt=media&token=a37a882e-3fcf-4739-ad74-1a1ac8746aad', 'Public', 11);
INSERT INTO my_social_web.image (id, create_at, delete_at, link_image, status, id_user) VALUES (104, '2023-04-21 19:48:59', null, 'https://firebasestorage.googleapis.com/v0/b/test2-d8f2d.appspot.com/o/RoomsImages%2F1682081335542?alt=media&token=27f5643e-3490-4882-8134-a4965c6e6cf6', 'Public', 11);
INSERT INTO my_social_web.image (id, create_at, delete_at, link_image, status, id_user) VALUES (105, '2023-04-21 19:49:24', null, 'https://firebasestorage.googleapis.com/v0/b/test2-d8f2d.appspot.com/o/RoomsImages%2F1682081346586?alt=media&token=bea04910-58b2-467e-a7ad-23736a84ea0a', 'Public', 11);
INSERT INTO my_social_web.image (id, create_at, delete_at, link_image, status, id_user) VALUES (108, '2024-04-27 11:38:13', null, 'https://firebasestorage.googleapis.com/v0/b/test2-d8f2d.appspot.com/o/RoomsImages%2F1714192635148?alt=media&token=b986e2e0-74fb-4b64-9453-e085b2b38ad1', 'Public', 37);
INSERT INTO my_social_web.image (id, create_at, delete_at, link_image, status, id_user) VALUES (125, '2024-04-27 20:08:47', null, 'https://firebasestorage.googleapis.com/v0/b/test2-d8f2d.appspot.com/o/RoomsImages%2F1714223326396?alt=media&token=8820da5d-610e-4583-9568-fc10a6704ea9', 'Public', 2);


INSERT INTO my_social_web.user_role (user_id, role_id) VALUES (1, 2);
INSERT INTO my_social_web.user_role (user_id, role_id) VALUES (2, 1);
INSERT INTO my_social_web.user_role (user_id, role_id) VALUES (3, 1);
INSERT INTO my_social_web.user_role (user_id, role_id) VALUES (4, 1);
INSERT INTO my_social_web.user_role (user_id, role_id) VALUES (5, 1);
INSERT INTO my_social_web.user_role (user_id, role_id) VALUES (6, 1);
INSERT INTO my_social_web.user_role (user_id, role_id) VALUES (7, 1);
INSERT INTO my_social_web.user_role (user_id, role_id) VALUES (8, 1);
INSERT INTO my_social_web.user_role (user_id, role_id) VALUES (9, 1);
INSERT INTO my_social_web.user_role (user_id, role_id) VALUES (10, 1);
INSERT INTO my_social_web.user_role (user_id, role_id) VALUES (11, 1);
INSERT INTO my_social_web.user_role (user_id, role_id) VALUES (12, 1);
INSERT INTO my_social_web.user_role (user_id, role_id) VALUES (13, 1);
INSERT INTO my_social_web.user_role (user_id, role_id) VALUES (14, 1);
INSERT INTO my_social_web.user_role (user_id, role_id) VALUES (15, 1);
INSERT INTO my_social_web.user_role (user_id, role_id) VALUES (16, 1);
INSERT INTO my_social_web.user_role (user_id, role_id) VALUES (17, 1);
INSERT INTO my_social_web.user_role (user_id, role_id) VALUES (18, 1);
INSERT INTO my_social_web.user_role (user_id, role_id) VALUES (19, 1);
INSERT INTO my_social_web.user_role (user_id, role_id) VALUES (20, 1);
INSERT INTO my_social_web.user_role (user_id, role_id) VALUES (21, 1);
INSERT INTO my_social_web.user_role (user_id, role_id) VALUES (22, 1);
INSERT INTO my_social_web.user_role (user_id, role_id) VALUES (23, 1);
INSERT INTO my_social_web.user_role (user_id, role_id) VALUES (24, 1);
INSERT INTO my_social_web.user_role (user_id, role_id) VALUES (25, 1);
INSERT INTO my_social_web.user_role (user_id, role_id) VALUES (26, 1);
INSERT INTO my_social_web.user_role (user_id, role_id) VALUES (27, 1);
INSERT INTO my_social_web.user_role (user_id, role_id) VALUES (28, 1);
INSERT INTO my_social_web.user_role (user_id, role_id) VALUES (29, 1);
INSERT INTO my_social_web.user_role (user_id, role_id) VALUES (30, 1);
INSERT INTO my_social_web.user_role (user_id, role_id) VALUES (32, 1);
INSERT INTO my_social_web.user_role (user_id, role_id) VALUES (33, 1);
INSERT INTO my_social_web.user_role (user_id, role_id) VALUES (34, 1);
INSERT INTO my_social_web.user_role (user_id, role_id) VALUES (35, 1);
INSERT INTO my_social_web.user_role (user_id, role_id) VALUES (37, 1);


INSERT INTO my_social_web.user_table (id, address, avatar, confirm_password, cover, create_at, date_of_birth, education, email, enabled, favorite, full_name, gender, password, phone, status, username) VALUES (1, 'Quảng Ninh', 'https://firebasestorage.googleapis.com/v0/b/test2-d8f2d.appspot.com/o/RoomsImages%2Favatar-gian.jpg?alt=media&token=84926670-338a-47e4-930e-708e0bf925ec', '$2a$10$UZob3zeMBrNq0Lpf2ycN.esDrVGrlIWLs9czTYMwLfQ3qj.Pu7gQm', 'assets/images/face-map_ccexpress.png', '2023-04-02 14:20:46', '1992-03-18 00:00:00', 'Đại Học Nông Nghiệp', 'admin@gmail.com', true, 'Du lịch', 'Nguyễn Văn Toàn', 'Nam', '$2a$10$bDKhrLthhbwStEwvcUyvl.s5vhouWYFRqRysnLf1ZrLVc7uYLnhrS', '0353413219', 'Active', 'admin');
INSERT INTO my_social_web.user_table (id, address, avatar, confirm_password, cover, create_at, date_of_birth, education, email, enabled, favorite, full_name, gender, password, phone, status, username) VALUES (2, 'Long Biên', 'https://firebasestorage.googleapis.com/v0/b/test2-d8f2d.appspot.com/o/RoomsImages%2F1680423459336?alt=media&token=d06f7569-3621-4c83-b513-70a6e7fe4eec', '$2a$10$SHdIfu1P1l./silNjQudeuVMsVyWPK28hE5I0LdKUcdR7v3NeeIuS', 'https://firebasestorage.googleapis.com/v0/b/test2-d8f2d.appspot.com/o/RoomsImages%2F1680423461655?alt=media&token=ccae72ac-d8e3-4f45-843d-ec2790ce905a', '2023-04-02 14:26:56', '1993-03-23 00:00:00', 'Cao Đẳng', 'khanhgaquay5@yahoo.com', true, 'Ăn uống, du lịch, vui chơi, nhảy nhót, ca hát', 'ภาษาไทย, Quốc Khánh', 'Nam', '$2a$10$o8QtRYFB3njuOFWDigUCWu/lGBYsWlW9924LjKTcWGpl122NV0GNm', '0353413219', 'Active', 'khanh');
INSERT INTO my_social_web.user_table (id, address, avatar, confirm_password, cover, create_at, date_of_birth, education, email, enabled, favorite, full_name, gender, password, phone, status, username) VALUES (3, 'Thái Nguyên', 'https://firebasestorage.googleapis.com/v0/b/test2-d8f2d.appspot.com/o/RoomsImages%2F1680423503519?alt=media&token=e7ec2034-eeef-45eb-866b-59a3822ebb07', '$2a$10$Q0VaGNRCheiK3Xp2Ez1.2.kzLRGc4UE7znS773cDGjbao0jCbM0wO', 'https://firebasestorage.googleapis.com/v0/b/test2-d8f2d.appspot.com/o/RoomsImages%2F1680423507903?alt=media&token=fe81097a-3220-4ceb-a9c7-4ef33e71dc12', '2023-04-02 14:33:40', '2000-07-12 00:00:00', 'Đại Học Công Nghiệp', 'trangnguyen@gmail.com', true, 'Vui chơi', 'Nguyễn Trang', 'Nữ', '$2a$10$A1DY.rnrY0TOMr0bNeEbZuEvSA21slllsO/9jpXSOKjHTlMKLPsky', '0974556124', 'Active', 'trang');
INSERT INTO my_social_web.user_table (id, address, avatar, confirm_password, cover, create_at, date_of_birth, education, email, enabled, favorite, full_name, gender, password, phone, status, username) VALUES (4, 'Cà Mau', 'https://firebasestorage.googleapis.com/v0/b/test2-d8f2d.appspot.com/o/RoomsImages%2F1680424046362?alt=media&token=c39e42a0-052f-4f5e-af47-b1673ec5cfef', '$2a$10$sYRYDFNu/QG5H5AxdH/J/OFCsCs927j5Lg709lxQUYDcOyMK/NnzG', 'https://firebasestorage.googleapis.com/v0/b/test2-d8f2d.appspot.com/o/RoomsImages%2F1680424055331?alt=media&token=eda5f095-cb00-408f-ad4f-9af766729aae', '2023-04-02 15:27:07', '1996-06-20 00:00:00', 'Đại Học', 'langthi@gmail.com', true, 'Du lịch', 'Lăng Ngọc Thi', 'Nữ', '$2a$10$RbmtNGW3qAf0xMmR6hTyxuqk.bZrPIUswg9cxD8MurkzUOT1OOW1S', '0353413217', 'Active', 'thi');
INSERT INTO my_social_web.user_table (id, address, avatar, confirm_password, cover, create_at, date_of_birth, education, email, enabled, favorite, full_name, gender, password, phone, status, username) VALUES (5, 'Hải Dương', 'https://firebasestorage.googleapis.com/v0/b/test2-d8f2d.appspot.com/o/RoomsImages%2F1680424362965?alt=media&token=60351a94-7964-49a9-97bc-4e6af13fb750', '$2a$10$S8iTf8G2kcLdVFTa6R8fR.TSivPbvRu0rvAPq6AtYSXhP7lA4Ndbm', 'https://firebasestorage.googleapis.com/v0/b/test2-d8f2d.appspot.com/o/RoomsImages%2F1680424366137?alt=media&token=94cefb4e-e622-45f0-bb9a-b75b4eae5ed9', '2023-04-02 15:32:29', '1995-06-21 00:00:00', 'Trường Đại học Văn hóa Nghệ thuật Quân đội', 'kieuoanh@gmail.com', true, 'Du lịch', 'Kiều Oanh', 'Nữ', '$2a$10$TlmuIzBJan9yVExPIrQkk.AUvdTX/VeEWnggY.QvAtjRkhRxNBgAe', '0985647221', 'Active', 'oanh');
INSERT INTO my_social_web.user_table (id, address, avatar, confirm_password, cover, create_at, date_of_birth, education, email, enabled, favorite, full_name, gender, password, phone, status, username) VALUES (6, 'Cao Bằng', 'https://firebasestorage.googleapis.com/v0/b/test2-d8f2d.appspot.com/o/RoomsImages%2F1680424696794?alt=media&token=98ebc826-512a-41bf-904b-54f4cccdf5c7', '$2a$10$Ts.K7Z1B8n42svBDmwFmq.6TY4pAQrTQZHiAUPL3Vf6s8y0suXfh6', 'https://firebasestorage.googleapis.com/v0/b/test2-d8f2d.appspot.com/o/RoomsImages%2F1680424699628?alt=media&token=d16411c5-abbd-4994-a0a2-e6df79dc0786', '2023-04-02 15:38:06', '1994-11-16 00:00:00', null, 'lemai@gmail.com', true, 'Ăn uống', 'Lê Thu Mai', 'Nữ', '$2a$10$oi7Hc2Nc3d5GbCLwItILse2OhmdX3nZ.zXUXGzXlkLNZwsWc4vSAS', '0789565455', 'Active', 'mai');
INSERT INTO my_social_web.user_table (id, address, avatar, confirm_password, cover, create_at, date_of_birth, education, email, enabled, favorite, full_name, gender, password, phone, status, username) VALUES (7, 'Long Biên', 'https://firebasestorage.googleapis.com/v0/b/test2-d8f2d.appspot.com/o/RoomsImages%2F1680425084590?alt=media&token=c3046363-13b3-4234-841d-5cd535c10c21', '$2a$10$D9wQcUX1PRSSPrl3FzmQOu3PZ.zexWSOLgDFEZY6.kknyoVzuUe8u', 'https://firebasestorage.googleapis.com/v0/b/test2-d8f2d.appspot.com/o/RoomsImages%2F1680425086857?alt=media&token=3ded1a3f-6ff8-44ac-9f2d-46a2a8cdacac', '2023-04-02 15:44:21', '1993-06-09 00:00:00', 'Đại Học', 'manhngo@gmail.com', true, null, 'Ngô Thái Mạnh', 'Nam', '$2a$10$PU4ZQ9gdAFVFYJGzukOUj.SkGRRgX8/hYctAqyd6IumcCKXtkSkkG', '0353413219', 'Active', 'manh');
INSERT INTO my_social_web.user_table (id, address, avatar, confirm_password, cover, create_at, date_of_birth, education, email, enabled, favorite, full_name, gender, password, phone, status, username) VALUES (8, 'Long Biên', 'https://firebasestorage.googleapis.com/v0/b/test2-d8f2d.appspot.com/o/RoomsImages%2F1680425352280?alt=media&token=39a2a1d4-f553-475e-ab03-74b820b9d116', '$2a$10$beq7aZ2ew8cNdq9jOtdss.GeLtdFuNrVNXmQP0A7PXpAgzo0V9SVC', 'https://firebasestorage.googleapis.com/v0/b/test2-d8f2d.appspot.com/o/RoomsImages%2F1680425354990?alt=media&token=5c61a529-ceb5-4ebc-8fb3-d912c6c7cf95', '2023-04-02 15:48:57', '1996-10-09 00:00:00', 'Cao Đẳng', 'legiang@gmail.com', true, null, 'Lê Tùng Giang', 'Nam', '$2a$10$1YIMC9gywQfHQ.mSMo8Q8OcvFidJtcRjSiSijnSz7GghsFoWE1y0q', '0353413219', 'Active', 'giang');
INSERT INTO my_social_web.user_table (id, address, avatar, confirm_password, cover, create_at, date_of_birth, education, email, enabled, favorite, full_name, gender, password, phone, status, username) VALUES (9, 'Hà Nội', 'https://firebasestorage.googleapis.com/v0/b/test2-d8f2d.appspot.com/o/RoomsImages%2F1680425735275?alt=media&token=36095257-fe87-4b5a-88a8-bb4b5b0b3b31', '$2a$10$aXhdrOnzgulLk/nGZFw/feFiRQ9iZ3VOohqr0WN3B0I2DfhGzFBXu', 'https://firebasestorage.googleapis.com/v0/b/test2-d8f2d.appspot.com/o/RoomsImages%2F1680425740486?alt=media&token=28da5c8f-8922-4abd-b6f5-d969c948cc79', '2023-04-02 15:54:50', '2000-11-16 00:00:00', null, 'tranthimi@gmail.com', true, null, 'Trần Thị My', 'Nữ', '$2a$10$Ham/LQ7YISsmPtX.MUYJ0uGnimQ1QWg8GI/XZZYyPMspyvGVgaWrW', '0864215556', 'Active', 'mimi');
INSERT INTO my_social_web.user_table (id, address, avatar, confirm_password, cover, create_at, date_of_birth, education, email, enabled, favorite, full_name, gender, password, phone, status, username) VALUES (10, 'Gò Vấp', 'https://firebasestorage.googleapis.com/v0/b/test2-d8f2d.appspot.com/o/RoomsImages%2F1680426065948?alt=media&token=f3e97a1a-c03b-49a9-9b62-082fda038762', '$2a$10$5XjPrRclatn/QfsPqLpl/uG0UfykSvxgvl2KU3bBCAdcZoxwwE5m.', 'https://firebasestorage.googleapis.com/v0/b/test2-d8f2d.appspot.com/o/RoomsImages%2F1680426071000?alt=media&token=0aef4625-7fe3-416e-a55b-4f5792fe63fb', '2023-04-02 16:00:52', '1996-11-28 00:00:00', 'Đại Học', 'lamanh@gmail.com', true, 'Trang điểm', 'Trần Lâm Anh', 'Nữ', '$2a$10$mBPBSdL96QDtWHqB0USVg.vcOCGCzbpjMRIOBJZftFKb6JH.37rNq', '0984567881', 'Active', 'anh');
INSERT INTO my_social_web.user_table (id, address, avatar, confirm_password, cover, create_at, date_of_birth, education, email, enabled, favorite, full_name, gender, password, phone, status, username) VALUES (11, 'Hà Nam', 'https://firebasestorage.googleapis.com/v0/b/test2-d8f2d.appspot.com/o/RoomsImages%2F1680434396092?alt=media&token=b2253681-d4a9-497d-aab8-3bbcda884a46', '$2a$10$ZD707ub3yXX4xswxobkokuVfOsGnSH/kN/6Q4DQcTfonBckeyvrF.', 'https://firebasestorage.googleapis.com/v0/b/test2-d8f2d.appspot.com/o/RoomsImages%2F1680434401820?alt=media&token=dd6091ea-1315-4065-827c-4f263a0ccd6b', '2023-04-02 18:19:06', '1991-11-28 00:00:00', null, 'ngocthi@gmail.com', true, null, 'Nguyễn Thị Ngọc', 'Nữ', '$2a$10$DGs9PA2Y51hyj9RHrgoJ.u9sgAthEBua/TjmPYkeC526Iv9IITfMm', '0356499771', 'Active', 'ngoc');
INSERT INTO my_social_web.user_table (id, address, avatar, confirm_password, cover, create_at, date_of_birth, education, email, enabled, favorite, full_name, gender, password, phone, status, username) VALUES (12, 'Sóc Sơn', 'https://firebasestorage.googleapis.com/v0/b/test2-d8f2d.appspot.com/o/RoomsImages%2F1680434739223?alt=media&token=dbf8fd9d-002e-4d7a-83dc-8d7193f66dd0', '$2a$10$aMAi2z0uZ4r89V8f.ShRW.3xY2.4gaK7ookiJEMh8iSQ/0I3qdO6.', 'https://firebasestorage.googleapis.com/v0/b/test2-d8f2d.appspot.com/o/RoomsImages%2F1680434742283?alt=media&token=e05b358b-be76-401b-ab0f-4d83a5bb9706', '2023-04-02 18:25:28', '1993-11-17 00:00:00', 'Cao Đẳng', 'hiepsiro@gmail.com', true, null, 'Hoàng Trọng Hiệp', 'Nam', '$2a$10$d2VlL1TLCuFKkZDjzN10neAD3gXgwYTzTml8.FqRq6ziugbZwXYXa', '0978412141', 'Active', 'hiep');
INSERT INTO my_social_web.user_table (id, address, avatar, confirm_password, cover, create_at, date_of_birth, education, email, enabled, favorite, full_name, gender, password, phone, status, username) VALUES (13, 'Nghệ An', 'https://firebasestorage.googleapis.com/v0/b/test2-d8f2d.appspot.com/o/RoomsImages%2F1680435409319?alt=media&token=70b9b1c7-7746-4268-9904-393e949ae32d', '$2a$10$sS1Rc9dGBgSut6BY9n9qzeAczqbnqxnEgQ5LT6disxm6dz2TSsuOG', 'https://firebasestorage.googleapis.com/v0/b/test2-d8f2d.appspot.com/o/RoomsImages%2F1680435413891?alt=media&token=5b9e6149-8671-4500-9a30-ebbb3cbf2172', '2023-04-02 18:36:33', '1998-11-18 00:00:00', 'Cao Đẳng', 'bachtrang@gmail.com', true, 'Du lịch', 'Bạch Huyền Trang', 'Nữ', '$2a$10$rYXtlN70qdE14L5j/OOEd.SzgSIE5M/lGC9lfloJqte3BDH7SWAcu', '0986564556', 'Active', 'bachtrang');
INSERT INTO my_social_web.user_table (id, address, avatar, confirm_password, cover, create_at, date_of_birth, education, email, enabled, favorite, full_name, gender, password, phone, status, username) VALUES (14, 'Quảng Ninh', 'https://firebasestorage.googleapis.com/v0/b/test2-d8f2d.appspot.com/o/RoomsImages%2F1680436560665?alt=media&token=3e894fc7-0812-445a-8798-71f6281c73f2', '$2a$10$WqyP.6JPr7rAM7v1ENE5FO7pgSIR0lwFVCwFuCb6QvP/CEH3gBuLi', 'https://firebasestorage.googleapis.com/v0/b/test2-d8f2d.appspot.com/o/RoomsImages%2F1680436293192?alt=media&token=7a56bb5a-5178-4a70-8155-471d9b18e36a', '2023-04-02 18:51:18', '1997-11-12 00:00:00', null, 'lyly@gmail.com', true, null, 'Nguyễn Thị Ly', 'Nữ', '$2a$10$qwlUyCPHGty6Ce6eoGaX9ObXmooo7oOh3NP1QcLCswvxGM/gRIAXq', '0854222451', 'Active', 'lythi');
INSERT INTO my_social_web.user_table (id, address, avatar, confirm_password, cover, create_at, date_of_birth, education, email, enabled, favorite, full_name, gender, password, phone, status, username) VALUES (15, 'Cà Mau', 'https://firebasestorage.googleapis.com/v0/b/test2-d8f2d.appspot.com/o/RoomsImages%2F1680436742140?alt=media&token=a0397966-4bba-4211-85b0-f5c1a6aa4835', '$2a$10$MSTJF1aGh9rUCgHwckAK/eoY0aH7jU9OrOYwJDiWkN/Tj.V7fD6wa', 'https://firebasestorage.googleapis.com/v0/b/test2-d8f2d.appspot.com/o/RoomsImages%2F1680436744786?alt=media&token=2e17a502-39e4-449e-99ab-cc9863ddbe4f', '2023-04-02 18:58:47', '1995-11-29 00:00:00', 'Đại Học', 'anhnhu@gmail.com', true, 'Du lịch, ăn uống, nhậu', 'Phạm Ngọc Anh Như', 'Nữ', '$2a$10$a3cYTg2iJs.pFPSbnncz.eVg9jtnp7e4/BILkMIZIrzukJG9imACK', '0984521323', 'Active', 'nhu');
INSERT INTO my_social_web.user_table (id, address, avatar, confirm_password, cover, create_at, date_of_birth, education, email, enabled, favorite, full_name, gender, password, phone, status, username) VALUES (16, 'Hà Nội', 'https://firebasestorage.googleapis.com/v0/b/test2-d8f2d.appspot.com/o/RoomsImages%2F1680615306997?alt=media&token=75aa578b-551b-4621-82c2-dc6734dedb17', '$2a$10$kvtEUmEQhSJ/a.8MK21fRusokL.zRF3ZCmqltFSnKSEYbbgSb3VgK', 'https://firebasestorage.googleapis.com/v0/b/test2-d8f2d.appspot.com/o/RoomsImages%2F1680615309909?alt=media&token=826ad98f-417e-47bc-8fef-a94f447369b5', '2023-04-04 20:34:50', '1993-11-17 00:00:00', 'Trung cấp', 'ngocchuot@gmail.com', true, null, 'Nguyễn Văn Ngọc', 'Nam', '$2a$10$I7lu1xyo0N.aA99eeYpNNO2iKWBTL2FXScZMJlO.8nuRRWqhmClRG', '0972229363', 'Active', 'ngocnguyen93');
INSERT INTO my_social_web.user_table (id, address, avatar, confirm_password, cover, create_at, date_of_birth, education, email, enabled, favorite, full_name, gender, password, phone, status, username) VALUES (17, 'Nam Định', 'https://firebasestorage.googleapis.com/v0/b/test2-d8f2d.appspot.com/o/RoomsImages%2F1680615477639?alt=media&token=208ad960-da0a-4884-9049-7513864b8ae4', '$2a$10$pZoQwO2jKHweO9y4AxppJer3H4zb9oAVZXJHNThg7iVWDLfe7r6Sm', 'https://firebasestorage.googleapis.com/v0/b/test2-d8f2d.appspot.com/o/RoomsImages%2F1680615480019?alt=media&token=784cfe1d-f7e8-4478-922c-7944badfe3ee', '2023-04-04 20:37:35', '1993-06-10 00:00:00', 'Cao Đẳng', 'cuongbeo@gmail.com', true, 'Du lịch, ăn uống, vui chơi, ngắm gái', 'Nguyễn Vũ Cương', 'Nam', '$2a$10$uq7YIvPzDL.dgPih3CAb4ORqFN1AHpwJC9EXjJ5zHexYwT6gefXNC', '0989555456', 'Active', 'cuong');
INSERT INTO my_social_web.user_table (id, address, avatar, confirm_password, cover, create_at, date_of_birth, education, email, enabled, favorite, full_name, gender, password, phone, status, username) VALUES (18, 'Bắc Ninh', 'https://firebasestorage.googleapis.com/v0/b/test2-d8f2d.appspot.com/o/RoomsImages%2F1680616180185?alt=media&token=362874f4-f974-4ccf-a296-267d402d2644', '$2a$10$fg2.LyuEa9RltDUzt8mIiuCqNafgGCIutEL0.aXrtPCxzRoDBqPgu', 'https://firebasestorage.googleapis.com/v0/b/test2-d8f2d.appspot.com/o/RoomsImages%2F1680616192311?alt=media&token=9dec27c6-603b-4cb6-ab34-46dedcb3c498', '2023-04-04 20:46:58', '1994-11-21 00:00:00', 'Trung cấp', 'huynhtrinh19@gmail.com', true, null, 'Huỳnh Quế Trinh', 'Nữ', '$2a$10$HdRjDZ0gDSgXUEJ1h.PG5.BfZQerRLYgTmqMB9UOCqcTuqf1G9l4.', '0356489812', 'Active', 'trinh');
INSERT INTO my_social_web.user_table (id, address, avatar, confirm_password, cover, create_at, date_of_birth, education, email, enabled, favorite, full_name, gender, password, phone, status, username) VALUES (19, 'Quảng Ninh', 'https://firebasestorage.googleapis.com/v0/b/test2-d8f2d.appspot.com/o/RoomsImages%2F1680616643966?alt=media&token=07bae688-39da-43b4-ab1b-d486fd069c1a', '$2a$10$xRdEhzEcfAklEaEB/ov/zed1Xmh9FO2hljT2I89BuwetZYvEFBTAy', 'https://firebasestorage.googleapis.com/v0/b/test2-d8f2d.appspot.com/o/RoomsImages%2F1680616646876?alt=media&token=cee965e6-3ff6-49d3-a1c3-f400a7dbf1c2', '2023-04-04 20:57:12', '1993-10-20 00:00:00', 'Cao Đẳng', 'phamcong@gmail.com', true, null, 'Phạm Chí Công', 'Nam', '$2a$10$o0vVfSMLHe9MAOox8NJpT.cOhUIfswCPA0YE54OJeK4XhNh9TjhLi', '0398253311', 'Active', 'cong');
INSERT INTO my_social_web.user_table (id, address, avatar, confirm_password, cover, create_at, date_of_birth, education, email, enabled, favorite, full_name, gender, password, phone, status, username) VALUES (20, 'Gia Lâm', 'https://firebasestorage.googleapis.com/v0/b/test2-d8f2d.appspot.com/o/RoomsImages%2F1680620328715?alt=media&token=a3e38f6c-9031-4bd3-8504-68f3e3ebf5d1', '$2a$10$yV1EvhEXPX8w5ZLWk2smqeGHGNh3lTaZGUDzEvy6Nm1LlYwZHeFqW', 'https://firebasestorage.googleapis.com/v0/b/test2-d8f2d.appspot.com/o/RoomsImages%2F1680620331308?alt=media&token=5815b39e-8f18-4e49-aec4-5ffebb8297f7', '2023-04-04 21:57:47', '1993-09-15 00:00:00', 'Trung học phổ thông', 'thanhchuot@gmail.com', true, null, 'Nguyễn Trí Thanh', 'Nam', '$2a$10$n8dQmtdIEW/c7dbfvoS0ROO6IT34FvPrmNBrheePYgnkEK7zphRXK', '0983232121', 'Active', 'thanhchuot');
INSERT INTO my_social_web.user_table (id, address, avatar, confirm_password, cover, create_at, date_of_birth, education, email, enabled, favorite, full_name, gender, password, phone, status, username) VALUES (21, 'Hà Nội', 'https://firebasestorage.googleapis.com/v0/b/test2-d8f2d.appspot.com/o/RoomsImages%2F1680620504340?alt=media&token=69184389-00f1-4a70-b8a0-e85ef65ec747', '$2a$10$V9fvx84FQCiblUPqTWjv7ujDm6IxKHNxkgfnE7FD1tfJS4CMsGZvC', 'https://firebasestorage.googleapis.com/v0/b/test2-d8f2d.appspot.com/o/RoomsImages%2F1680620506507?alt=media&token=14259bbf-d622-4d43-b8b3-579aed6c539d', '2023-04-04 22:01:32', '1993-12-22 00:00:00', null, 'manhtien@gmail.com', true, null, 'Nguyễn Mạnh Tiến', 'Nam', '$2a$10$j6WR.i/5UYRR0Pg2XlHiOuNIDQ4avm46m4pyQYMwgkGNV0hwwk5nq', '0985622317', 'Active', 'tien');
INSERT INTO my_social_web.user_table (id, address, avatar, confirm_password, cover, create_at, date_of_birth, education, email, enabled, favorite, full_name, gender, password, phone, status, username) VALUES (22, 'Lào Cai', 'https://firebasestorage.googleapis.com/v0/b/test2-d8f2d.appspot.com/o/RoomsImages%2F1680786071383?alt=media&token=764925d7-08ce-4bb5-995f-4b8d2d9be21a', '$2a$10$Jhtehoz.pSCfMIF8Ih3zyOuiL0fw8qWwmmF/xMgs0bJwxqdBuwx7O', 'https://firebasestorage.googleapis.com/v0/b/test2-d8f2d.appspot.com/o/RoomsImages%2F1680786073614?alt=media&token=d76c971c-7ad3-4c1c-9ef8-950e9b7f5cb2', '2023-04-06 20:00:52', '1992-11-26 00:00:00', null, 'nhungnguyen@gmail.com', true, null, 'Nguyễn Thị Nhung', 'Nữ', '$2a$10$fyyJwSNPOFF62lHJN7yE7eiJEzlFBsA/YEnfFd/LazDOeBPlCzGam', '0987656546', 'Active', 'nhung');
INSERT INTO my_social_web.user_table (id, address, avatar, confirm_password, cover, create_at, date_of_birth, education, email, enabled, favorite, full_name, gender, password, phone, status, username) VALUES (23, 'Yên Bái', 'https://firebasestorage.googleapis.com/v0/b/test2-d8f2d.appspot.com/o/RoomsImages%2F1680786357403?alt=media&token=1a668070-513a-472a-8b00-fe64908ed833', '$2a$10$C76SOnTB6E5hZPhW.l4z9uWZpKLaVMVG50HyjZ0dpGqzf2NyyXVhO', 'https://firebasestorage.googleapis.com/v0/b/test2-d8f2d.appspot.com/o/RoomsImages%2F1680786360015?alt=media&token=1cc350d1-b598-4295-8e70-2334ebaaa69c', '2023-04-06 20:05:39', '1996-11-21 00:00:00', 'Cao Đẳng', 'hoxuan@gmail.com', true, 'Ăn uống vui chơi giải trí', 'Hồ Hồng Xuân', 'Nữ', '$2a$10$WfZtp4weEJwhOfTfUjCQ3OXBGfXC1j3Nra7Cb9VBrphbTXF0ar/hi', '0356898412', 'Active', 'xuan');
INSERT INTO my_social_web.user_table (id, address, avatar, confirm_password, cover, create_at, date_of_birth, education, email, enabled, favorite, full_name, gender, password, phone, status, username) VALUES (24, 'Lào Cai', 'https://firebasestorage.googleapis.com/v0/b/test2-d8f2d.appspot.com/o/RoomsImages%2F1680919659551?alt=media&token=ca0909c7-3200-4a37-a2cd-bba685f73822', '$2a$10$AyI3HMfZH9tlWJcQYqNKu.tkz2tAfdwuPoWu9HjERe/6Q8492b5wa', 'https://firebasestorage.googleapis.com/v0/b/test2-d8f2d.appspot.com/o/RoomsImages%2F1680919662362?alt=media&token=55405d23-0be9-4a2d-93a3-2561c3869247', '2023-04-08 09:07:16', '2000-10-19 00:00:00', null, 'trautran@gmail.com', true, null, 'Trần Huyền Châu', 'Nữ', '$2a$10$541lHSG6J172LCyKfwlZF.8XPFvYQLlQMyvRI5C.bChWwB4E9.zzK', '0871342134', 'Active', 'chau');
INSERT INTO my_social_web.user_table (id, address, avatar, confirm_password, cover, create_at, date_of_birth, education, email, enabled, favorite, full_name, gender, password, phone, status, username) VALUES (25, 'Nghệ An', 'https://firebasestorage.googleapis.com/v0/b/test2-d8f2d.appspot.com/o/RoomsImages%2F1680920903224?alt=media&token=417f10fa-1d7a-44d6-b93f-596e6eca0279', '$2a$10$29deH6BArLos7hYP2RDjpeD741WsWWW5rCBJi5cXMkc9NOWc/Egoi', 'https://firebasestorage.googleapis.com/v0/b/test2-d8f2d.appspot.com/o/RoomsImages%2F1680920905288?alt=media&token=fe66046e-2ecf-4223-86ae-35d0252e06a4', '2023-04-08 09:28:12', '1993-11-26 00:00:00', null, 'lam@gmail.com', true, null, 'Đặng Văn Lâm', 'Nam', '$2a$10$WQ1hILgyXPWcEf4qEU0KAORIxEevlAkWLLeHi9eCblHEDcyPQg.hC', '0345765765', 'Active', 'lam');
INSERT INTO my_social_web.user_table (id, address, avatar, confirm_password, cover, create_at, date_of_birth, education, email, enabled, favorite, full_name, gender, password, phone, status, username) VALUES (26, null, 'https://firebasestorage.googleapis.com/v0/b/test2-d8f2d.appspot.com/o/RoomsImages%2FavatarLGBT.jpg?alt=media&token=ac689fcc-0f8d-4f74-948d-b8957d807bb2', '$2a$10$lFOi7DlU.14HCjHGo6kNn.MFBATpEp8qpmp3hcBv46ql2TiA5PftG', 'assets/images/face-map_ccexpress.png', '2023-04-08 09:29:55', null, null, 'quangdang@gmail.com', true, null, 'Trần Đình Quang', 'Không xác định', '$2a$10$rrC0gFmIbOcL8qlGaJ8AJOhFnKnyn9W.j1wdvTItzwHPz7OZkFa6a', '0569787878', 'Active', 'quang');
INSERT INTO my_social_web.user_table (id, address, avatar, confirm_password, cover, create_at, date_of_birth, education, email, enabled, favorite, full_name, gender, password, phone, status, username) VALUES (27, null, 'https://firebasestorage.googleapis.com/v0/b/test2-d8f2d.appspot.com/o/RoomsImages%2F1682080287862?alt=media&token=e0f72477-e32c-403b-aa17-2a29ac9c8464', '$2a$10$Yx7Pc5CWbZ/AMDGpHx.rzeVOxN77mz/P4yUb22.5v7MfWtcDGyUdK', 'https://firebasestorage.googleapis.com/v0/b/test2-d8f2d.appspot.com/o/RoomsImages%2F1682080290167?alt=media&token=007b66e5-c8e4-4e38-80a5-18eead5bb0e7', '2023-04-21 19:20:54', '1996-11-03 00:00:00', null, 'lenguyetanh@gmail.com', true, null, 'Lê Nguyệt Ánh', 'Nữ', '$2a$10$7LVoiNqll2LYIhDWlmTMu.SR5C6BocMH6g2eROu2dRMyNYxkmm34u', '0987564238', 'Active', 'anhle');
INSERT INTO my_social_web.user_table (id, address, avatar, confirm_password, cover, create_at, date_of_birth, education, email, enabled, favorite, full_name, gender, password, phone, status, username) VALUES (28, null, 'https://firebasestorage.googleapis.com/v0/b/test2-d8f2d.appspot.com/o/RoomsImages%2F1682080601469?alt=media&token=366b139b-88b0-4d3c-817c-a031dc3dda5a', '$2a$10$cjH/1xagd1ulQyFwJY4LZexi9bGpeayQcsN/opyXLGaRSTlFO3Uoi', 'https://firebasestorage.googleapis.com/v0/b/test2-d8f2d.appspot.com/o/RoomsImages%2F1682080604216?alt=media&token=c58d50db-8278-4e31-a5bf-1cd206a35807', '2023-04-21 19:36:31', '1991-11-16 00:00:00', null, 'tranha@gmail.com', true, null, 'Trần Quý Hà', 'Nữ', '$2a$10$V/rl.dRIsqoLfyQWH5JIOuyBZRbwFPLMCcOfbAmx24ti.ZSU8lgYK', '0987654238', 'Active', 'tranha');
INSERT INTO my_social_web.user_table (id, address, avatar, confirm_password, cover, create_at, date_of_birth, education, email, enabled, favorite, full_name, gender, password, phone, status, username) VALUES (29, 'Hồng Kong', 'https://firebasestorage.googleapis.com/v0/b/test2-d8f2d.appspot.com/o/RoomsImages%2F1682080830904?alt=media&token=2f3955bd-317b-45f9-b0c3-801519804e3f', '$2a$10$fNo41krlUCvsaZwP5d10m.fA1GtTXPzYhRLf1YdirC18XQ28l8o7q', 'https://firebasestorage.googleapis.com/v0/b/test2-d8f2d.appspot.com/o/RoomsImages%2F1682080833193?alt=media&token=ffceef92-fbd3-4092-85bc-a79b358753dd', '2023-04-21 19:40:01', '1992-10-07 00:00:00', 'Cao Đẳng', 'vancuong@gmail.com', true, null, 'Hứa Văn Cường', 'Nam', '$2a$10$vu3GS1MJQENBTB019iE2ReRbJyG1xK/7iaTAnJoBpjoOCxvaJX9S.', '0975622491', 'Active', 'cuonghua');
INSERT INTO my_social_web.user_table (id, address, avatar, confirm_password, cover, create_at, date_of_birth, education, email, enabled, favorite, full_name, gender, password, phone, status, username) VALUES (30, 'Hà Nội', 'https://firebasestorage.googleapis.com/v0/b/test2-d8f2d.appspot.com/o/RoomsImages%2F1682081045682?alt=media&token=8f41dff2-6a8c-440a-a3b7-c52c7b84533a', '$2a$10$WfjrR2G5V8M/HLNN2y1.l.L3b83DqbAff93YrTpFUvrGWlt444TsO', 'https://firebasestorage.googleapis.com/v0/b/test2-d8f2d.appspot.com/o/RoomsImages%2F1682081048682?alt=media&token=54e20594-5f3a-46bf-b951-d3de5926f24c', '2023-04-21 19:43:56', '1993-10-05 00:00:00', 'Trung cấp', 'thanhdang@gmail.com', true, null, 'Đặng Quang Thanh', 'Nam', '$2a$10$tqyxsZFofsQOwIsP1plt2edpjhBHcfour3/FQos8Gm8MN9l01qpLW', '0875623312', 'Active', 'thanh');
INSERT INTO my_social_web.user_table (id, address, avatar, confirm_password, cover, create_at, date_of_birth, education, email, enabled, favorite, full_name, gender, password, phone, status, username) VALUES (32, null, 'https://firebasestorage.googleapis.com/v0/b/test2-d8f2d.appspot.com/o/RoomsImages%2Favatar-gian.jpg?alt=media&token=84926670-338a-47e4-930e-708e0bf925ec', '$2a$10$7F6Bq89kBk0bNluBKpUhlu40..zIFfFTDBD2DPstWDYmiVwo4bbVC', 'assets/images/face-map_ccexpress.png', '2023-04-21 19:54:30', null, null, 'letung@gmail.com', true, null, 'Lê Duy Tùng', 'Nam', '$2a$10$6rNnfjvJfBtxfcMiNjSzGOdvb.H1Ki41m7YT8a0vffbroo3Jrq5u2', '0356845512', 'Active', 'tung');
INSERT INTO my_social_web.user_table (id, address, avatar, confirm_password, cover, create_at, date_of_birth, education, email, enabled, favorite, full_name, gender, password, phone, status, username) VALUES (33, null, 'https://firebasestorage.googleapis.com/v0/b/test2-d8f2d.appspot.com/o/RoomsImages%2Favatar-gian.jpg?alt=media&token=84926670-338a-47e4-930e-708e0bf925ec', '$2a$10$RQe1CMl2PLhZyFNG1j4VU.CLtJIkaYE.33smedbPeD1ypmKORaUfS', 'assets/images/face-map_ccexpress.png', '2023-05-22 22:11:09', null, null, 'tuantt@gmail.com', true, null, 'Trần Văn Tuấn', 'Nam', '$2a$10$UrumVISs6n73hobLSYdpqeyGH3HISHNS8nkh4zMgQBSLkM7VpR4tu', '0985346543', 'Active', 'tuan');
INSERT INTO my_social_web.user_table (id, address, avatar, confirm_password, cover, create_at, date_of_birth, education, email, enabled, favorite, full_name, gender, password, phone, status, username) VALUES (34, 'Ngõ 987, Ngách 76, số 3, đường Ngô Gia Tự, Phường Thượng Thanh, Quận Long Biên, Hà Nội', 'assets/images/defaultAva.png', '$2a$10$QSGTR.LOtZHvvuXOteKl6uaHDMRfhnxiB9JnXO26NXwlMUcktfxA6', 'assets/images/face-map_ccexpress.png', '2023-05-22 22:12:29', '1970-01-01 07:00:00', null, 'toanta@gmail.com', true, null, 'Nguyễn Alex', 'Nam', '$2a$10$ir1Zl.89rQojf6tIu1oQp.3tlwXAWanfwmXiCoIGA7f9n./FDjrpO', '0356413219', 'Active', 'alex');
INSERT INTO my_social_web.user_table (id, address, avatar, confirm_password, cover, create_at, date_of_birth, education, email, enabled, favorite, full_name, gender, password, phone, status, username) VALUES (35, 'Ngõ 987/67 Ngô Gia Tự', 'https://firebasestorage.googleapis.com/v0/b/test2-d8f2d.appspot.com/o/RoomsImages%2Favatar-gian.jpg?alt=media&token=84926670-338a-47e4-930e-708e0bf925ec', '$2a$10$/O/ujB.8ICmI0B0bBxtf2.yt7DGrdWGwmeTOw24lRK1EAzqc.Clhy', 'assets/images/face-map_ccexpress.png', '2023-11-26 19:13:31', '2023-11-19 00:00:00', 'Cao Đẳng', 'tranvanthai@gmail.com', true, 'Du lịch, ăn uống, bán gà ủ muối', 'Trần Văn Thái', 'Nam', '$2a$10$bgLZywsLQGqZOkNfIUDkIuC9XyvZ5OCZv/Qr7erpSgq6PpqGDqHMS', '0987469888', 'Active', 'thai');
INSERT INTO my_social_web.user_table (id, address, avatar, confirm_password, cover, create_at, date_of_birth, education, email, enabled, favorite, full_name, gender, password, phone, status, username) VALUES (37, 'Âu cơ, Tây Hồ', 'https://firebasestorage.googleapis.com/v0/b/test2-d8f2d.appspot.com/o/RoomsImages%2F1714192635148?alt=media&token=b986e2e0-74fb-4b64-9453-e085b2b38ad1', '$2a$10$Tp4hijbWO8iNOPtLLW8jN.I3oqVARyRSq8frokiPzHHl/004wN7a2', 'assets/images/face-map_ccexpress.png', '2024-04-27 11:36:31', '1972-07-13 00:00:00', 'Cao Đẳng', 'endado.cmcglobal@gmail.com', true, 'Đấm bốc', 'Jone CE', 'Nam', '$2a$10$gJj6JaJs39v1X.j58NJRku5RjPgDrsLFpb9/KtlDsaosw9Bfw.8Vq', '0986546546', 'Active', 'jone');


INSERT INTO my_social_web.user_description (id, create_at, description, edit_at, status, user_id) VALUES (1, '2023-04-02 14:26:23', 'Admin face-note-book', '2023-11-05 14:20:28', 'Public', 1);
INSERT INTO my_social_web.user_description (id, create_at, description, edit_at, status, user_id) VALUES (2, '2023-04-02 14:29:43', 'Là một người nghèo', null, 'Public', 2);
INSERT INTO my_social_web.user_description (id, create_at, description, edit_at, status, user_id) VALUES (3, '2023-04-02 15:56:14', 'My Thỏ', null, 'Public', 9);
INSERT INTO my_social_web.user_description (id, create_at, description, edit_at, status, user_id) VALUES (4, '2023-04-02 18:39:14', 'Là một người hướng nội', null, 'Public', 13);
INSERT INTO my_social_web.user_description (id, create_at, description, edit_at, status, user_id) VALUES (5, '2023-04-04 20:39:53', 'Là một người vui vẻ, chăm chỉ', null, 'Public', 17);
INSERT INTO my_social_web.user_description (id, create_at, description, edit_at, status, user_id) VALUES (8, '2023-11-26 19:15:42', 'Bán gà ủ muối', null, 'Public', 35);


INSERT INTO my_social_web.the_group (id, avatar_group, cover_group, create_at, create_by, group_name, id_user_create, number_user, status, subtype, type) VALUES (1, 'https://firebasestorage.googleapis.com/v0/b/test2-d8f2d.appspot.com/o/RoomsImages%2F1707540732387?alt=media&token=6c8556d7-0f4e-47b2-93a6-366371259abf', 'https://firebasestorage.googleapis.com/v0/b/test2-d8f2d.appspot.com/o/RoomsImages%2Fbg1.jpg?alt=media&token=4a648a76-8187-4598-8f54-e131b73d16c8', '2024-02-10 11:52:59', 'ภาษาไทย, Quốc Khánh', 'Chợ mua bán non-lego', 2, 0, 'Public', null, 'Đồ chơi');

INSERT INTO my_social_web.roles (id, name) VALUES (1, 'ROLE_USER');
INSERT INTO my_social_web.roles (id, name) VALUES (2, 'ROLE_ADMIN')

INSERT INTO my_social_web.post2 (id, content, create_at, edit_at, icon_heart, image, is_delete, number_dis_like, number_like, status, user_id) VALUES (1, 'Có ai không nhớ em không', '2023-04-05 15:19:52', null, 0, 'https://firebasestorage.googleapis.com/v0/b/test2-d8f2d.appspot.com/o/RoomsImages%2F1680423585837?alt=media&token=808c0daa-1464-4f10-82de-91eee34f0418', false, 0, 0, 'Public', 3);
INSERT INTO my_social_web.post2 (id, content, create_at, edit_at, icon_heart, image, is_delete, number_dis_like, number_like, status, user_id) VALUES (2, 'Nặng quá', '2023-04-06 15:56:51', null, 0, 'https://firebasestorage.googleapis.com/v0/b/test2-d8f2d.appspot.com/o/RoomsImages%2F1680425806334?alt=media&token=d3b5a8ab-1585-4dfd-82f5-5a5149b98cd5', false, 0, 0, 'Public', 9);
INSERT INTO my_social_web.post2 (id, content, create_at, edit_at, icon_heart, image, is_delete, number_dis_like, number_like, status, user_id) VALUES (3, 'Có lẽ mùa hè làm mình trẻ hơn', '2023-04-06 15:23:18', null, 0, 'https://firebasestorage.googleapis.com/v0/b/test2-d8f2d.appspot.com/o/RoomsImages%2F1680423794408?alt=media&token=469f1ed5-4cce-4106-ad30-38eede7350b2', false, 0, 0, 'Public', 3);
INSERT INTO my_social_web.post2 (id, content, create_at, edit_at, icon_heart, image, is_delete, number_dis_like, number_like, status, user_id) VALUES (4, 'Gọi em là ca sĩ vì em bắt ko sót nhịp nào', '2023-04-06 15:28:30', null, 0, 'https://firebasestorage.googleapis.com/v0/b/test2-d8f2d.appspot.com/o/RoomsImages%2F1680424106585?alt=media&token=1c24230e-3897-48f7-a8f0-01e8f3fb27d9', false, 0, 0, 'Public', 4);
INSERT INTO my_social_web.post2 (id, content, create_at, edit_at, icon_heart, image, is_delete, number_dis_like, number_like, status, user_id) VALUES (5, 'Đừng nhìn Oăn lâu', '2023-04-07 15:34:06', null, 0, 'https://firebasestorage.googleapis.com/v0/b/test2-d8f2d.appspot.com/o/RoomsImages%2F1680424442794?alt=media&token=a71d2386-6df8-4b8b-ab96-cc5303bfa27a', false, 0, 0, 'Public', 5);
INSERT INTO my_social_web.post2 (id, content, create_at, edit_at, icon_heart, image, is_delete, number_dis_like, number_like, status, user_id) VALUES (6, 'Yêu a mấy núi e cũng trèo', '2023-04-07 15:34:24', null, 0, 'https://firebasestorage.googleapis.com/v0/b/test2-d8f2d.appspot.com/o/RoomsImages%2F1680424461339?alt=media&token=19f050ea-1f66-4348-947f-34f135c6cbfa', false, 0, 0, 'Public', 5);
INSERT INTO my_social_web.post2 (id, content, create_at, edit_at, icon_heart, image, is_delete, number_dis_like, number_like, status, user_id) VALUES (7, 'Gây cho anh lú Em là gu cho anh lấy', '2023-04-07 15:39:43', null, 0, 'https://firebasestorage.googleapis.com/v0/b/test2-d8f2d.appspot.com/o/RoomsImages%2F1680424780168?alt=media&token=f82e87ca-0c4f-49c5-a058-23d31cc76539', false, 0, 0, 'Public', 6);
INSERT INTO my_social_web.post2 (id, content, create_at, edit_at, icon_heart, image, is_delete, number_dis_like, number_like, status, user_id) VALUES (8, 'Em chưa có chủ', '2023-04-08 15:23:30', null, 0, 'https://firebasestorage.googleapis.com/v0/b/test2-d8f2d.appspot.com/o/RoomsImages%2F1680423807200?alt=media&token=b26e3dbe-95f1-46cb-b004-59c5de08aaf3', false, 0, 0, 'Public', 3);
INSERT INTO my_social_web.post2 (id, content, create_at, edit_at, icon_heart, image, is_delete, number_dis_like, number_like, status, user_id) VALUES (9, 'Không dùng bút 2 màu mực Vì một mực yêu anh', '2023-04-08 15:40:09', null, 0, 'https://firebasestorage.googleapis.com/v0/b/test2-d8f2d.appspot.com/o/RoomsImages%2F1680424806573?alt=media&token=bc17c727-f497-4031-b050-e57af692281f', false, 0, 0, 'Public', 6);
INSERT INTO my_social_web.post2 (id, content, create_at, edit_at, icon_heart, image, is_delete, number_dis_like, number_like, status, user_id) VALUES (10, 'Du lịch Mộc Châu', '2023-04-09 15:45:40', null, 0, 'https://firebasestorage.googleapis.com/v0/b/test2-d8f2d.appspot.com/o/RoomsImages%2F1680425122031?alt=media&token=b94ebced-8bab-4612-872b-d920f3fd306d', false, 0, 0, 'Public', 7);
INSERT INTO my_social_web.post2 (id, content, create_at, edit_at, icon_heart, image, is_delete, number_dis_like, number_like, status, user_id) VALUES (11, 'Nữ sinh nè', '2023-04-09 15:56:42', null, 0, 'https://firebasestorage.googleapis.com/v0/b/test2-d8f2d.appspot.com/o/RoomsImages%2F1680425793097?alt=media&token=de7fe49f-a9ba-477e-ae3c-570bdd5e31a7', false, 0, 0, 'Public', 9);
INSERT INTO my_social_web.post2 (id, content, create_at, edit_at, icon_heart, image, is_delete, number_dis_like, number_like, status, user_id) VALUES (12, 'Em đẹp không anh', '2023-04-10 15:21:24', null, 0, 'https://firebasestorage.googleapis.com/v0/b/test2-d8f2d.appspot.com/o/RoomsImages%2F1680423680377?alt=media&token=798c689c-211e-4bed-8b2e-9be68d429073', false, 0, 0, 'Public', 3);
INSERT INTO my_social_web.post2 (id, content, create_at, edit_at, icon_heart, image, is_delete, number_dis_like, number_like, status, user_id) VALUES (13, 'Trước khi gặp được hoàng tử của đời mình Chúng ta kiểu gì cũng hôn nhầm vài con ếch ', '2023-04-10 20:51:22', null, 0, 'https://firebasestorage.googleapis.com/v0/b/test2-d8f2d.appspot.com/o/RoomsImages%2F1680616271811?alt=media&token=729be834-b1f8-47d2-9a62-f3f8ecb35ace', false, 0, 0, 'Public', 18);
INSERT INTO my_social_web.post2 (id, content, create_at, edit_at, icon_heart, image, is_delete, number_dis_like, number_like, status, user_id) VALUES (14, 'Xin chào', '2023-04-10 16:02:23', null, 0, 'https://firebasestorage.googleapis.com/v0/b/test2-d8f2d.appspot.com/o/RoomsImages%2F1680426133356?alt=media&token=ed0b3ff0-8d9b-4775-8cff-388e1776b9d4', false, 0, 0, 'Public', 10);
INSERT INTO my_social_web.post2 (id, content, create_at, edit_at, icon_heart, image, is_delete, number_dis_like, number_like, status, user_id) VALUES (15, 'Phải xinh đẹp', '2023-04-11 16:02:57', null, 0, 'https://firebasestorage.googleapis.com/v0/b/test2-d8f2d.appspot.com/o/RoomsImages%2F1680426168319?alt=media&token=0bb48c1f-3608-4c9f-a232-241349f9e7f8', false, 0, 0, 'Public', 10);
INSERT INTO my_social_web.post2 (id, content, create_at, edit_at, icon_heart, image, is_delete, number_dis_like, number_like, status, user_id) VALUES (16, 'Định viết cap thả thính Mà sợ ko ai dính thì quê ', '2023-04-11 18:20:49', null, 0, 'https://firebasestorage.googleapis.com/v0/b/test2-d8f2d.appspot.com/o/RoomsImages%2F1680434433509?alt=media&token=63e149fc-7f99-4614-b783-d1585b201eab', false, 0, 0, 'Public', 11);
INSERT INTO my_social_web.post2 (id, content, create_at, edit_at, icon_heart, image, is_delete, number_dis_like, number_like, status, user_id) VALUES (17, 'Chỉ cần anh gửi cho em một dấu hiệu Em sẽ gửi cho anh ngàn dấu yêu', '2023-04-12 20:52:18', null, 0, 'https://firebasestorage.googleapis.com/v0/b/test2-d8f2d.appspot.com/o/RoomsImages%2F1680616332934?alt=media&token=028f062e-6de2-4558-b9bd-b4fa0e01a8b3', false, 0, 0, 'Public', 18);
INSERT INTO my_social_web.post2 (id, content, create_at, edit_at, icon_heart, image, is_delete, number_dis_like, number_like, status, user_id) VALUES (18, 'Ở nhà 1 mình', '2023-04-12 18:21:15', null, 0, 'https://firebasestorage.googleapis.com/v0/b/test2-d8f2d.appspot.com/o/RoomsImages%2F1680434462242?alt=media&token=acde7bcd-bee8-4233-b918-add6166e79e4', false, 0, 0, 'Public', 11);
INSERT INTO my_social_web.post2 (id, content, create_at, edit_at, icon_heart, image, is_delete, number_dis_like, number_like, status, user_id) VALUES (19, 'Chán quá', '2023-04-13 18:37:45', null, 0, 'https://firebasestorage.googleapis.com/v0/b/test2-d8f2d.appspot.com/o/RoomsImages%2F1680435457866?alt=media&token=67e0d80e-2fcc-46d4-8f8e-f0b436e809a3', false, 0, 0, 'Public', 13);
INSERT INTO my_social_web.post2 (id, content, create_at, edit_at, icon_heart, image, is_delete, number_dis_like, number_like, status, user_id) VALUES (20, 'Đi chơi với em không nào', '2023-04-13 18:37:59', null, 0, 'https://firebasestorage.googleapis.com/v0/b/test2-d8f2d.appspot.com/o/RoomsImages%2F1680435470304?alt=media&token=d44a2fe7-7aed-4e48-9d87-2ae4925cd63f', false, 0, 0, 'Public', 13);
INSERT INTO my_social_web.post2 (id, content, create_at, edit_at, icon_heart, image, is_delete, number_dis_like, number_like, status, user_id) VALUES (21, 'Em còn thơ ngây lắm ít thích ngoại tình', '2023-04-14 19:00:51', null, 0, 'https://firebasestorage.googleapis.com/v0/b/test2-d8f2d.appspot.com/o/RoomsImages%2F1680436847977?alt=media&token=35e6d5ee-f07b-4d81-9f65-745c0d16e6c6', false, 0, 0, 'Public', 15);
INSERT INTO my_social_web.post2 (id, content, create_at, edit_at, icon_heart, image, is_delete, number_dis_like, number_like, status, user_id) VALUES (22, 'Bông thể hiện sự chân tình và lòng chân thành Nếu em không xinh như hoa Hồng ấy anh có lấy chân tình thành lòng yêu em không ', '2023-04-14 19:01:17', null, 0, 'https://firebasestorage.googleapis.com/v0/b/test2-d8f2d.appspot.com/o/RoomsImages%2F1680436871573?alt=media&token=6970c27f-d04b-4c2a-8c2e-e8f33ab4ccc5', false, 0, 0, 'Public', 15);
INSERT INTO my_social_web.post2 (id, content, create_at, edit_at, icon_heart, image, is_delete, number_dis_like, number_like, status, user_id) VALUES (23, 'Hồi còn trẻ', '2023-04-15 20:35:54', null, 0, 'https://firebasestorage.googleapis.com/v0/b/test2-d8f2d.appspot.com/o/RoomsImages%2F1680615346671?alt=media&token=a3a4d271-51ed-458a-aa87-281d49a99001', false, 0, 0, 'Public', 16);
INSERT INTO my_social_web.post2 (id, content, create_at, edit_at, icon_heart, image, is_delete, number_dis_like, number_like, status, user_id) VALUES (24, 'Cuộc sống luôn mang lại cho ta những trải nghiệm và có những thứ thật ghê tởm khi nghĩ về nó', '2023-04-15 20:38:53', null, 0, 'https://firebasestorage.googleapis.com/v0/b/test2-d8f2d.appspot.com/o/RoomsImages%2F1680615522710?alt=media&token=392cfdb0-8481-4983-9a8a-7ab7a7c31a78', false, 0, 0, 'Public', 17);
INSERT INTO my_social_web.post2 (id, content, create_at, edit_at, icon_heart, image, is_delete, number_dis_like, number_like, status, user_id) VALUES (25, 'Ko phải girl phố Nhưng mà trốn bố để yêu a', '2023-04-15 20:50:54', null, 0, 'https://firebasestorage.googleapis.com/v0/b/test2-d8f2d.appspot.com/o/RoomsImages%2F1680616249391?alt=media&token=494b046b-08e3-426c-beec-1e67a356f9b6', false, 0, 0, 'Public', 18);
INSERT INTO my_social_web.post2 (id, content, create_at, edit_at, icon_heart, image, is_delete, number_dis_like, number_like, status, user_id) VALUES (26, 'Iu khong mà nhìn', '2023-04-16 20:52:40', null, 0, 'https://firebasestorage.googleapis.com/v0/b/test2-d8f2d.appspot.com/o/RoomsImages%2F1680616355171?alt=media&token=f12ddc62-b93d-474c-b535-4c0576664aad', false, 0, 0, 'Public', 18);
INSERT INTO my_social_web.post2 (id, content, create_at, edit_at, icon_heart, image, is_delete, number_dis_like, number_like, status, user_id) VALUES (27, 'Chơi đê anh em', '2023-04-16 20:58:18', null, 0, 'https://firebasestorage.googleapis.com/v0/b/test2-d8f2d.appspot.com/o/RoomsImages%2F1680616681456?alt=media&token=313830b4-2820-4c34-a26c-67fca6f96b69', false, 0, 0, 'Public', 19);
INSERT INTO my_social_web.post2 (id, content, create_at, edit_at, icon_heart, image, is_delete, number_dis_like, number_like, status, user_id) VALUES (28, 'Đi biển nào các bạn', '2023-04-17 20:01:58', null, 0, 'https://firebasestorage.googleapis.com/v0/b/test2-d8f2d.appspot.com/o/RoomsImages%2F1680786101970?alt=media&token=dd603d8e-c6db-4ee8-a916-9c1afbd1ee4f', false, 0, 0, 'Public', 22);
INSERT INTO my_social_web.post2 (id, content, create_at, edit_at, icon_heart, image, is_delete, number_dis_like, number_like, status, user_id) VALUES (29, 'Điều gì làm anh suy nghĩ ', '2023-04-17 20:06:39', null, 0, 'https://firebasestorage.googleapis.com/v0/b/test2-d8f2d.appspot.com/o/RoomsImages%2F1680786388049?alt=media&token=5c25183d-6aac-4a20-8d8f-2c0c85b2a373', false, 0, 0, 'Public', 23);
INSERT INTO my_social_web.post2 (id, content, create_at, edit_at, icon_heart, image, is_delete, number_dis_like, number_like, status, user_id) VALUES (30, 'Tính hôn anh vào má trái Mà anh không thích thì phải', '2023-04-18 20:07:17', null, 0, 'https://firebasestorage.googleapis.com/v0/b/test2-d8f2d.appspot.com/o/RoomsImages%2F1680786433337?alt=media&token=7d6653eb-6377-4f73-9bc9-fbc2813f2d34', false, 0, 0, 'Public', 23);
INSERT INTO my_social_web.post2 (id, content, create_at, edit_at, icon_heart, image, is_delete, number_dis_like, number_like, status, user_id) VALUES (31, 'Hỏi anh đi đứng thế nào Năm lần bảy lượt ngã vào ❤ em', '2023-04-19 09:08:59', null, 0, 'https://firebasestorage.googleapis.com/v0/b/test2-d8f2d.appspot.com/o/RoomsImages%2F1680919733707?alt=media&token=0a73d25a-a204-4e22-b2ca-438e42f08884', false, 0, 0, 'Public', 24);
INSERT INTO my_social_web.post2 (id, content, create_at, edit_at, icon_heart, image, is_delete, number_dis_like, number_like, status, user_id) VALUES (32, 'Chuyện cũ mình bỏ qua', '2023-04-20 15:28:51', null, 0, 'https://firebasestorage.googleapis.com/v0/b/test2-d8f2d.appspot.com/o/RoomsImages%2F1680424127696?alt=media&token=a87c9a1d-211f-4c9a-b633-438b9cc15c49', false, 0, 0, 'Public', 4);
INSERT INTO my_social_web.post2 (id, content, create_at, edit_at, icon_heart, image, is_delete, number_dis_like, number_like, status, user_id) VALUES (33, 'Ai cho em tình yêu', '2023-04-21 08:37:13', null, 0, 'https://firebasestorage.googleapis.com/v0/b/test2-d8f2d.appspot.com/o/RoomsImages%2F1682080625229?alt=media&token=7f463ec7-1fbe-442d-8213-88ae58f2a0d3', false, 0, 0, 'Public', 28);
INSERT INTO my_social_web.post2 (id, content, create_at, edit_at, icon_heart, image, is_delete, number_dis_like, number_like, status, user_id) VALUES (34, 'Nhậu Thôi bà con', '2023-04-21 08:44:40', null, 0, 'https://firebasestorage.googleapis.com/v0/b/test2-d8f2d.appspot.com/o/RoomsImages%2F1682081072596?alt=media&token=67df716d-27c1-4b1d-a95a-f0c3a0750a10', false, 0, 0, 'Public', 30);
INSERT INTO my_social_web.post2 (id, content, create_at, edit_at, icon_heart, image, is_delete, number_dis_like, number_like, status, user_id) VALUES (36, 'Ghệ iu dấu của Oăn ưiii ', '2023-04-21 15:34:38', null, 0, 'https://firebasestorage.googleapis.com/v0/b/test2-d8f2d.appspot.com/o/RoomsImages%2F1680424475593?alt=media&token=c816d9e4-56b7-4091-9a19-fcecf271f7ff', false, 0, 0, 'Public', 5);
INSERT INTO my_social_web.post2 (id, content, create_at, edit_at, icon_heart, image, is_delete, number_dis_like, number_like, status, user_id) VALUES (37, 'Anh gì ơi ?? Anh đánh rơi ngừi iu rui', '2023-04-21 18:21:52', null, 0, 'https://firebasestorage.googleapis.com/v0/b/test2-d8f2d.appspot.com/o/RoomsImages%2F1680434483928?alt=media&token=11309e51-bf9a-4f19-b8a0-9a9c92f4378c', false, 0, 0, 'Public', 11);
INSERT INTO my_social_web.post2 (id, content, create_at, edit_at, icon_heart, image, is_delete, number_dis_like, number_like, status, user_id) VALUES (38, 'Mặc đẹp chỉ ở trong nhà', '2023-04-22 15:20:24', null, 0, 'https://firebasestorage.googleapis.com/v0/b/test2-d8f2d.appspot.com/o/RoomsImages%2F1680423619107?alt=media&token=d7f21812-875d-4eed-b729-559f1bea8837', false, 0, 0, 'Public', 3);
INSERT INTO my_social_web.post2 (id, content, create_at, edit_at, icon_heart, image, is_delete, number_dis_like, number_like, status, user_id) VALUES (39, 'Du lịch nào', '2023-04-22 16:02:44', null, 0, 'https://firebasestorage.googleapis.com/v0/b/test2-d8f2d.appspot.com/o/RoomsImages%2F1680426153910?alt=media&token=09c73dc4-6473-4dfd-b095-586b8549414e', false, 0, 0, 'Public', 10);
INSERT INTO my_social_web.post2 (id, content, create_at, edit_at, icon_heart, image, is_delete, number_dis_like, number_like, status, user_id) VALUES (40, 'Hôm nay anh muốn ăn gì Thực đơn hết món chỉ còn mỗi iem', '2023-04-22 18:22:38', null, 1, 'https://firebasestorage.googleapis.com/v0/b/test2-d8f2d.appspot.com/o/RoomsImages%2F1680434548659?alt=media&token=43bde8d8-434a-4246-bf0b-0e7ac22aac0a', false, 1, 1, 'Public', 11);
INSERT INTO my_social_web.post2 (id, content, create_at, edit_at, icon_heart, image, is_delete, number_dis_like, number_like, status, user_id) VALUES (41, 'Test', '2023-11-26 11:03:07', null, 2, null, false, 2, 2, 'Public', 2);
INSERT INTO my_social_web.post2 (id, content, create_at, edit_at, icon_heart, image, is_delete, number_dis_like, number_like, status, user_id) VALUES (42, 'Test done la 1', '2023-12-29 09:46:03', '2023-12-30 10:17:07', 0, null, false, 0, 0, 'Public', 2);
INSERT INTO my_social_web.post2 (id, content, create_at, edit_at, icon_heart, image, is_delete, number_dis_like, number_like, status, user_id) VALUES (43, 'Test1', '2023-12-31 19:08:19', null, 1, null, false, 1, 1, 'Public', 7);
INSERT INTO my_social_web.post2 (id, content, create_at, edit_at, icon_heart, image, is_delete, number_dis_like, number_like, status, user_id) VALUES (44, 'Hi ALL', '2024-04-27 18:33:14', '2024-04-27 18:33:21', 1, null, false, 0, 1, 'Public', 34);


INSERT INTO my_social_web.image_group (id, create_at, delete_at, id_the_group, id_user_up_load, link_image, status) VALUES (1, '2024-02-10 11:52:59', null, 1, 2, null, 'Public');
INSERT INTO my_social_web.image_group (id, create_at, delete_at, id_the_group, id_user_up_load, link_image, status) VALUES (2, '2024-02-10 11:52:59', null, 1, 2, null, 'Public');
INSERT INTO my_social_web.image_group (id, create_at, delete_at, id_the_group, id_user_up_load, link_image, status) VALUES (3, '2024-02-10 12:27:21', null, 1, 2, null, 'Public');
